{"n_mobile_salt": {"mean": [100.7053125, 99.771875, 99.624375, 100.428125, 99.2346875], "err": [0.8077740657805741, 0.8609415672538339, 1.2543393921751036, 0.8595483256554162, 0.7385048229049702], "eff_sample_size": [6400.0, 6400.0, 3200.0, 6400.0, 6400.0]}, "pressure_salt": {"mean": [0.0067955819085012996, 0.006012687740064482, 0.0059076676782209335, 0.005909047895127881, 0.0065064910485332405], "err": [6.202393695618266e-05, 5.7667723763016135e-05, 5.591180205554995e-05, 6.25110679625601e-05, 5.8665222022744185e-05], "eff_sample_size": [275.5319046305681, 298.92280748934047, 297.7120481826743, 260.71455294595114, 298.56724957966406]}, "pressure_gel": {"mean": [0.021911130383877916, 0.022663475032537423, 0.022807148312001955, 0.022799311225129317, 0.022108691210264743], "err": [0.00011915349444238608, 0.00011853401510126869, 0.00012086056841325167, 0.00011684861653867222, 0.00012134523853621535], "eff_sample_size": [242.1073922842228, 270.3332923462999, 270.6826589360493, 275.19316442838635, 239.4893145545684]}, "alpha": 0.0, "v": 0.5, "system_volume": 31250, "n_pairs": 100, "electrostatic": false, "n_gel": 248, "anion_fixed": 0, "box_l": [24.999999999999996, 24.999999999999996], "volume": [15625.0, 15625.0], "no_interaction": true}