{"n_mobile_salt": {"mean": [79.699375, 79.428125, 80.173125, 79.85375, 79.5490625], "err": [0.9765712982120868, 0.6723537400713755, 0.9125884987040873, 0.8719574768833552, 0.6883408960521534], "eff_sample_size": [6400.0, 6400.0, 3200.0, 3200.0, 6400.0]}, "pressure_salt": {"mean": [0.007686203845342733, 0.006251665021413873, 0.0065820267654338824, 0.005755204770454793, 0.005898052560869858], "err": [7.301879314602748e-05, 6.888079110942851e-05, 6.68011912709275e-05, 6.360791787800196e-05, 6.282705411311674e-05], "eff_sample_size": [280.720578565508, 266.0105909780548, 291.63780444504175, 304.17288266122665, 297.71709963121066]}, "pressure_gel": {"mean": [0.018798809379012363, 0.01973126828693357, 0.019530379731993692, 0.020072845209810963, 0.019923398197601118], "err": [9.697572814329428e-05, 0.00010017810826064717, 0.00010544993135192788, 9.586979101045177e-05, 0.00010780176646434741], "eff_sample_size": [266.2916073496077, 270.173626913861, 253.4033994925766, 298.9417712966992, 231.45470062172245]}, "alpha": 0.0, "v": 0.6, "system_volume": 31250, "n_pairs": 100, "electrostatic": false, "n_gel": 248, "anion_fixed": 0, "box_l": [23.20794416806389, 26.566464229565273], "volume": [12500.0, 18750.0], "no_interaction": true}