{"n_mobile_salt": {"mean": [217.1303125, 217.55125, 216.96875, 219.2965625, 218.55], "err": [1.6759609414740104, 1.1236628185256432, 0.8538273831471987, 1.199390269510296, 1.748490515186503], "eff_sample_size": [6400.0, 6400.0, 6400.0, 6400.0, 6400.0]}, "pressure_salt": {"mean": [0.03544028359894875, 0.032263830489450654, 0.03613863572371583, 0.035993409343867924, 0.03230027343830784], "err": [0.00028087219220187604, 0.00024785016745404963, 0.0002669866933288037, 0.00028305535454693895, 0.00026116934542792536], "eff_sample_size": [226.15888906857373, 247.08164201878293, 306.05476314685757, 241.68782570055245, 243.22132923798094]}, "pressure_gel": {"mean": [0.021940762676150784, 0.024419412634530253, 0.021427322707523625, 0.021522524745848468, 0.024100768190988227], "err": [0.0010072301053331758, 0.0008365871985607971, 0.0009093002186090217, 0.000864643314767136, 0.000883635161464584], "eff_sample_size": [229.68538596780846, 333.3333333333333, 285.6504544642113, 288.49100830375266, 307.8351397616404]}, "alpha": 0.5, "v": 0.6, "system_volume": 16000, "n_pairs": 200, "electrostatic": false}