{"n_mobile_salt": {"mean": [273.0459375, 270.558125, 271.9296875, 271.6953125, 272.469375], "err": [1.4210896593940963, 1.3052459711377815, 1.223722330724825, 1.2013100223626234, 1.412804128747947], "eff_sample_size": [6400.0, 6400.0, 6400.0, 6400.0, 6400.0]}, "pressure_salt": {"mean": [0.033221435005278355, 0.03339341778109632, 0.03669171894912284, 0.03692122321032438, 0.037666440377731675], "err": [0.0002115732912727545, 0.0002343458461865123, 0.0002669213727141832, 0.0002579281526036689, 0.00024059877910079765], "eff_sample_size": [302.02447118980496, 249.0243633135043, 226.95414228182315, 244.53738057653467, 300.9753557605487]}, "pressure_gel": {"mean": [0.024818364960580933, 0.024231653646613775, 0.02069840798295447, 0.020367961313751067, 0.02062414738915125], "err": [0.0009971913718005074, 0.0011436297054778623, 0.0010116255597079884, 0.0013665984470468237, 0.0012336250988358387], "eff_sample_size": [332.48783554816373, 244.74554610231476, 310.81443924852255, 180.50151617680652, 212.88240223742304]}, "alpha": 0.5, "v": 0.5, "system_volume": 16000, "n_pairs": 200, "electrostatic": false}