{"n_mobile_salt": {"mean": [322.858125, 324.430625, 325.864375, 327.62, 324.5228125], "err": [1.0935196421081597, 1.6930197110717502, 0.8586087373209731, 1.5753736101587097, 1.0507356938627508], "eff_sample_size": [6400.0, 6400.0, 6400.0, 6400.0, 6400.0]}, "pressure_salt": {"mean": [0.034887352680116765, 0.03522358153178166, 0.03645832339415331, 0.03635441531453735, 0.03475534759454361], "err": [0.0002303724308695031, 0.0002258383653654613, 0.0002174494887713465, 0.00024679349177506596, 0.00021255232457471438], "eff_sample_size": [249.09450746023828, 241.44127097175374, 298.254875010439, 218.6754886843402, 265.3163634828431]}, "pressure_gel": {"mean": [0.02266539247866107, 0.021542086726497493, 0.02031364575693286, 0.020009005709071465, 0.022671358479719593], "err": [0.0013784909114408564, 0.001213974800904559, 0.0016742186800595942, 0.001220080162246965, 0.0012423549314784], "eff_sample_size": [264.2768149530807, 324.57157559128007, 187.2913052576935, 315.6916851752946, 322.1525083020304]}, "alpha": 0.5, "v": 0.4, "system_volume": 16000, "n_pairs": 200, "electrostatic": false}