{"n_mobile_salt": {"mean": [294.48625, 288.111875, 292.895625, 291.0775, 292.51125], "err": [1.883951255103057, 2.3165926545190616, 2.1300853453374784, 1.2929279477127151, 2.460533798288694], "eff_sample_size": [3200.0, 3200.0, 3200.0, 3200.0, 3200.0]}, "pressure_salt": {"mean": [0.02124300982381662, 0.02188737609929375, 0.021101962547972468, 0.020351790277559456, 0.019726371678574283], "err": [0.00012332078506461074, 0.0001233296464100277, 0.00013773053439138991, 0.00011430215718874697, 0.0001059723999860754], "eff_sample_size": [237.92608086978728, 243.67495449195667, 222.41779672092125, 289.948403860038, 293.3248557088121]}, "pressure_gel": {"mean": [0.034822349755765994, 0.034218935902637346, 0.03495705687660113, 0.03549989119476132, 0.03591193220601771], "err": [0.0001348380378443458, 0.00014108421982067778, 0.00015262615850932692, 0.00013195505355140122, 0.00013807167120881512], "eff_sample_size": [292.31253017592906, 259.586476688737, 231.69792211877984, 299.53136606953694, 278.67322063814015]}, "alpha": 1.0, "v": 0.55, "system_volume": 31250, "n_pairs": 200, "electrostatic": false, "n_gel": 248, "anion_fixed": 248, "box_l": [24.137234615140738, 25.807002886409176], "volume": [14062.499999999998, 17187.5], "no_interaction": true}