{"n_mobile_salt": {"mean": [256.6125, 257.596875, 256.983125, 259.405, 261.536875], "err": [1.8922487120271105, 2.180528460695145, 2.7353459904384674, 1.2274434760420527, 2.303660726407339], "eff_sample_size": [3200.0, 3200.0, 3200.0, 3200.0, 3200.0]}, "pressure_salt": {"mean": [0.019419995226171147, 0.019983591186195176, 0.020217820375281442, 0.02065104869890655, 0.019448550687011547], "err": [0.00012217826603797558, 0.00011893079482773323, 0.000132756454196813, 0.00014146513550995253, 0.00011222085270907454], "eff_sample_size": [250.20461121716966, 265.751535256845, 265.4488437637489, 208.5122237172037, 296.358336323167]}, "pressure_gel": {"mean": [0.03491360080155583, 0.0344527000194542, 0.03435971909155082, 0.03402390726551292, 0.03473161152434625], "err": [0.0001307633671750498, 0.00013914050135163355, 0.00014936431946735765, 0.0001259094326437775, 0.00013006535967350618], "eff_sample_size": [278.638285963714, 249.22135032032207, 217.7143431492876, 299.956337243011, 276.74362155555986]}, "alpha": 1.0, "v": 0.6, "system_volume": 31250, "n_pairs": 200, "electrostatic": false, "n_gel": 248, "anion_fixed": 248, "box_l": [23.20794416806389, 26.566464229565273], "volume": [12500.0, 18750.0], "no_interaction": true}