{"n_mobile_salt": {"mean": [331.3175, 330.340625, 326.22875, 328.104375, 329.35375], "err": [1.7827942787261928, 2.4927837367218375, 2.310256306935414, 1.74598123299797, 3.192683039624122], "eff_sample_size": [3200.0, 3200.0, 3200.0, 3200.0, 3200.0]}, "pressure_salt": {"mean": [0.01989318038498368, 0.021478963144925395, 0.022710100043148447, 0.0214848539117947, 0.021559005356098112], "err": [0.00012905893753867995, 0.00013163124218041767, 0.00013197073621135831, 0.0001242521781065352, 0.00012179278431997805], "eff_sample_size": [235.4875658732571, 234.0356819228624, 279.97135403813445, 288.20484511745195, 272.5657692569493]}, "pressure_gel": {"mean": [-0.00582937158235487, -0.0074094645776517105, -0.0087865114015839, -0.007695386197039791, -0.007798339779825161], "err": [0.00027841620142067715, 0.0002623650416953599, 0.0002536809376741029, 0.00027594761911319004, 0.00028113937184539347], "eff_sample_size": [285.26550029151224, 325.8959938471063, 326.6131401005309, 283.7761551439434, 268.2535694636103]}, "alpha": 1.0, "v": 0.5, "system_volume": 31250, "n_pairs": 200, "electrostatic": false, "n_gel": 248, "anion_fixed": 248, "box_l": [24.999999999999996, 24.999999999999996], "volume": [15625.0, 15625.0], "no_interaction": false}