{"n_mobile_salt": {"mean": [293.985, 296.553125, 299.136875, 293.949375, 293.5325], "err": [2.1647282610937664, 1.3001802847669355, 2.9170149145544344, 1.4123031924738887, 2.1748689568102364], "eff_sample_size": [3200.0, 3200.0, 3200.0, 3200.0, 3200.0]}, "pressure_salt": {"mean": [0.020569565965948486, 0.0210650196959751, 0.02273693807379764, 0.023307150587231915, 0.021788293400836316], "err": [0.00013863236018325727, 0.00014202457277363094, 0.0001507418419130561, 0.00013089654379771294, 0.00012680118878292875], "eff_sample_size": [232.0332162862868, 216.9992771001491, 235.6561087696806, 301.3223334192495, 279.50952018927165]}, "pressure_gel": {"mean": [-0.006140152008077849, -0.006555765262796277, -0.008050336569516911, -0.008705394622365257, -0.007317481756715335], "err": [0.0002382902309082059, 0.00023692453518450165, 0.0002347741974017874, 0.00023913246593961962, 0.000280270869666585], "eff_sample_size": [321.64815487470844, 325.2773068393216, 325.3819148817843, 318.7797199103825, 235.37290207993527]}, "alpha": 1.0, "v": 0.55, "system_volume": 31250, "n_pairs": 200, "electrostatic": false, "n_gel": 248, "anion_fixed": 248, "box_l": [24.137234615140738, 25.807002886409176], "volume": [14062.499999999998, 17187.5], "no_interaction": false}