{"n_mobile_salt": {"mean": [124.095, 123.39375, 123.7534375, 123.2603125, 123.375625], "err": [0.9885819682150063, 1.0216139376465194, 0.6420038251104099, 0.6109958684105407, 1.0166373823937673], "eff_sample_size": [3200.0, 3200.0, 6400.0, 6400.0, 3200.0]}, "pressure_salt": {"mean": [0.014219606487855786, 0.012239285373479701, 0.01312388321668226, 0.012914232720200283, 0.013342125667259744], "err": [0.0001220969269801608, 0.00010619007350264127, 0.00012711123870366893, 0.00012971938586188182, 0.0001126557937451008], "eff_sample_size": [286.334717774983, 302.7795495067368, 254.34033810737932, 237.65860545695324, 304.1970873447514]}, "pressure_gel": {"mean": [-0.06346445154949264, -0.060064600723761574, -0.0616748122738951, -0.06102672864240989, -0.061533352689043856], "err": [0.0011668799088253201, 0.0011809763186773924, 0.0011855875178001035, 0.001154037443903615, 0.0014520173252017122], "eff_sample_size": [319.8752018373295, 304.19003912793283, 309.50380305100225, 325.42083026677415, 207.14944969635062]}, "alpha": 0.0967741935483871, "v": 0.4, "system_volume": 16000, "n_mobile": 200, "electrostatic": false}