{"n_mobile_salt": {"mean": [166.375, 164.55125, 167.559375, 172.28, 167.6625], "err": [2.4778311724468045, 2.0711283788819945, 1.9384756002543229, 1.7132316678569546, 2.001091561143294], "eff_sample_size": [1600.0, 1600.0, 3200.0, 1600.0, 1600.0]}, "pressure_salt": {"mean": [0.021334011742562723, 0.0232692803062435, 0.022596794537473486, 0.02043258768801386, 0.020891743057734644], "err": [0.00017776994861975606, 0.00018083799028471587, 0.00018230544221846, 0.00017935791122025536, 0.00016375734520465268], "eff_sample_size": [283.1394901338403, 258.9617648575098, 289.33696646562885, 240.72382583902606, 288.94598208101974]}, "pressure_gel": {"mean": [-0.003850248391628998, -0.006554161709360246, -0.005277374354325597, -0.004423163619618996, -0.0037034222607266057], "err": [0.0014816157508071694, 0.0015100166632491072, 0.0014627161833140833, 0.0014410867216373582, 0.0015694944985909136], "eff_sample_size": [319.4808447572099, 289.9430683722051, 333.3333333333333, 324.71468555559414, 279.382798595459]}, "alpha": 0.5, "v": 0.5, "system_volume": 16000, "n_mobile": 324, "electrostatic": false}