{"n_mobile_salt": {"mean": [83.516875, 81.209375, 82.05, 82.4209375, 82.406875], "err": [1.1855871381191279, 0.8200591169900932, 1.3527585551393817, 0.879971801786362, 0.9333855214531986], "eff_sample_size": [3200.0, 3200.0, 3200.0, 6400.0, 6400.0]}, "pressure_salt": {"mean": [0.013702954451875514, 0.014254631505597994, 0.012365977785764617, 0.011752146840217173, 0.01169232445392729], "err": [0.00015099096002185624, 0.00014640105381827926, 0.00013203494975384158, 0.00013799390161540272, 0.0001530023647406911], "eff_sample_size": [294.8442851203385, 291.5941402379986, 311.77758898349936, 279.8209665280614, 206.87396124518793]}, "pressure_gel": {"mean": [-0.05844426855184084, -0.05895862569213791, -0.05757997890194044, -0.056940647663225125, -0.057262479944026994], "err": [0.0007933790741568855, 0.0007963330780606237, 0.0007989717493681105, 0.0007886303485037994, 0.0007657317810338255], "eff_sample_size": [295.37436793229347, 323.5939579387998, 303.8097955351486, 317.87624416151453, 316.2041002752826]}, "alpha": 0.0967741935483871, "v": 0.6, "system_volume": 16000, "n_mobile": 200, "electrostatic": false}