{"n_mobile_salt": {"mean": [61.64375, 62.9325, 61.1225, 61.6890625, 64.24375], "err": [1.2143422436123572, 0.7049736696777483, 0.7865537980731254, 0.7552136174805669, 1.2015613999457384], "eff_sample_size": [3200.0, 3200.0, 3200.0, 6400.0, 3200.0]}, "pressure_salt": {"mean": [0.012718407003317144, 0.011833601473643405, 0.013621138157425721, 0.013499341839423867, 0.014745999250445589], "err": [0.00015921039100893111, 0.00015506570530656434, 0.0001800729831043974, 0.00016884965605163258, 0.00016841504105400792], "eff_sample_size": [289.02225953264747, 293.998660518625, 252.26608082640197, 301.9829487236358, 308.23857662523636]}, "pressure_gel": {"mean": [-0.060005108049682246, -0.059179526151573875, -0.05975735452949833, -0.060188135271041984, -0.060790864278455176], "err": [0.00069144546802851, 0.0006111832844327083, 0.0006481427048136419, 0.0006912951684355092, 0.0006644812378558453], "eff_sample_size": [270.22830506432535, 314.2849226067961, 305.62294729500553, 272.13250296791676, 306.24091793995257]}, "alpha": 0.0967741935483871, "v": 0.7, "system_volume": 16000, "n_mobile": 200, "electrostatic": false}