{"n_mobile_salt": {"mean": [127.86125, 136.575, 135.57125, 131.06, 136.72125], "err": [2.2368950779874517, 1.8459298356190852, 1.3714505620181616, 1.5787119492875972, 1.6709485662728134], "eff_sample_size": [1600.0, 1600.0, 3200.0, 1600.0, 1600.0]}, "pressure_salt": {"mean": [0.0208054465643442, 0.023982987865542118, 0.02084781177041915, 0.022470316410923334, 0.02176136863901473], "err": [0.0001887521832923204, 0.00022209548116568925, 0.0001931354354861581, 0.00021664658481987395, 0.00019416317358760449], "eff_sample_size": [292.6725499217478, 233.72854369253247, 283.82619114762826, 237.59802011381296, 277.80997322312203]}, "pressure_gel": {"mean": [-0.001637767074660366, -0.003929377397610042, -0.0017903827935088323, -0.00330501741583538, -0.002375685454680863], "err": [0.0012965591151986675, 0.0012511969420704574, 0.0013238009461922487, 0.0012236296418851704, 0.0013850750446342567], "eff_sample_size": [291.29742947303237, 309.02304510973687, 301.3135164823694, 326.240189072587, 253.44879775676293]}, "alpha": 0.5, "v": 0.6, "system_volume": 16000, "n_mobile": 324, "electrostatic": false}