{"n_mobile_salt": {"mean": [143.165, 143.714375, 143.3403125, 144.4725, 144.03625], "err": [0.7395785424220284, 1.2616698069171846, 0.7667806412323308, 0.6459778818741897, 1.2410857581046941], "eff_sample_size": [6400.0, 3200.0, 6400.0, 6400.0, 3200.0]}, "pressure_salt": {"mean": [0.013624241455934355, 0.012666232045865505, 0.011818375398371894, 0.012722548512735434, 0.012681298299286606], "err": [0.00011064156912857677, 0.00010673735892107582, 0.00011110112961444616, 0.00011300158936200977, 0.00010641837025646318], "eff_sample_size": [285.5965890063456, 278.0654044041397, 264.6476423566702, 251.00581017578395, 288.6562393166845]}, "pressure_gel": {"mean": [-0.09047799088915848, -0.08787811563869238, -0.08544857032291865, -0.08827822935160552, -0.08795882999928367], "err": [0.0012895258577287768, 0.0010976994715782378, 0.001082869498338284, 0.001220165312888698, 0.0010204229173947903], "eff_sample_size": [236.8121766065242, 327.89406162804806, 328.3624060099535, 282.0856558391469, 333.31390584413293]}, "alpha": 0.0, "v": 0.3, "system_volume": 16000, "n_mobile": 200, "electrostatic": false}