{"n_mobile_salt": {"mean": [65.63125, 64.535, 70.01, 66.81, 67.611875], "err": [1.7907346681313514, 2.1027977687576156, 1.2516893694255913, 1.18086496761661, 1.048759838229297], "eff_sample_size": [1600.0, 800.0, 3200.0, 1600.0, 3200.0]}, "pressure_salt": {"mean": [0.020458348360673416, 0.028964263203168698, 0.02193929568890035, 0.020577449135963963, 0.020500666327823585], "err": [0.00026333253143669675, 0.00032669668428725904, 0.0003113927401738343, 0.0002770669348164125, 0.0003017277570264468], "eff_sample_size": [283.86994622827615, 297.2106535426502, 229.34293405980685, 264.5436609751109, 224.84976203591603]}, "pressure_gel": {"mean": [-0.020852964464878207, -0.02275791913852618, -0.021116049572468883, -0.021004384809953768, -0.0208460805315904], "err": [0.0009126308760730972, 0.000863833005286589, 0.000795532194544271, 0.0008579765646461054, 0.0008511624655108109], "eff_sample_size": [256.6458598392214, 276.03305624165944, 331.65591371252077, 275.2046435108254, 281.81043513605937]}, "alpha": 0.5, "v": 0.8, "system_volume": 16000, "n_mobile": 324, "electrostatic": false}