{"n_mobile_salt": {"mean": [122.216875, 122.955625, 123.4, 121.45875, 124.098125], "err": [0.7043223682031021, 0.6269797938453048, 0.6886031931161124, 0.9325618553764106, 1.3453220466801787], "eff_sample_size": [3200.0, 3200.0, 6400.0, 3200.0, 3200.0]}, "pressure_salt": {"mean": [0.01268758380121259, 0.011556175527047298, 0.01269142396884352, 0.013997848761773632, 0.013774916845923222], "err": [0.0001131920275001797, 0.00010655148726999369, 0.00011530476056364847, 0.00014094340211289678, 0.00013310710819051214], "eff_sample_size": [283.0637466931504, 296.8377727859357, 282.1081158650136, 212.02601779865563, 230.75410146355125]}, "pressure_gel": {"mean": [-0.08279278387882258, -0.08077531118147806, -0.08253673398773295, -0.08490975655456379, -0.08447216803861414], "err": [0.001019135398191826, 0.0008048164845941421, 0.0008133691045938122, 0.0008335578411211553, 0.00080773491923847], "eff_sample_size": [216.90152444272977, 333.3333333333333, 333.3333333333333, 318.5578369901378, 312.6407845244403]}, "alpha": 0.0, "v": 0.4, "system_volume": 16000, "n_mobile": 200, "electrostatic": false}