{"n_mobile_salt": {"mean": [102.058125, 102.158125, 101.2884375, 101.683125, 103.471875], "err": [1.2759315886540734, 1.540933287625188, 0.629777944833311, 1.3793299079146528, 1.0972791640164006], "eff_sample_size": [3200.0, 3200.0, 6400.0, 3200.0, 3200.0]}, "pressure_salt": {"mean": [0.012696278143808255, 0.013679582590529517, 0.013725272806631597, 0.012974924388101395, 0.01298313953131574], "err": [0.00012749226406909295, 0.00013298091019062327, 0.00013507451916671776, 0.00013054524770008798, 0.0001274262908312349], "eff_sample_size": [287.56608303034056, 276.77945413460225, 266.1095249931099, 275.09611745434876, 301.84661596103854]}, "pressure_gel": {"mean": [-0.07880998143123753, -0.07944421688322387, -0.07973115557077709, -0.07913356023842917, -0.07890302818455813], "err": [0.0007982824861506325, 0.0006351420090515613, 0.0006178239663829195, 0.0006384572031848444, 0.0006218229389936622], "eff_sample_size": [211.98686565596535, 333.3333333333333, 333.3333333333333, 328.73846278908985, 323.90311083402094]}, "alpha": 0.0, "v": 0.5, "system_volume": 16000, "n_mobile": 200, "electrostatic": false}