{"n_mobile_salt": {"mean": [82.20625, 81.61375, 81.2059375, 83.28875, 80.76], "err": [0.8652761849178339, 1.0339649416193646, 0.7428923045590888, 0.8185073007985857, 0.6768932582915004], "eff_sample_size": [3200.0, 3200.0, 6400.0, 3200.0, 3200.0]}, "pressure_salt": {"mean": [0.013328472029681262, 0.01394949934030538, 0.012344629069979195, 0.013913747813267027, 0.011676657321940752], "err": [0.0001577608726100962, 0.00015262114251527747, 0.00013696699721309452, 0.00014277412469275612, 0.0001402610321799885], "eff_sample_size": [232.5583217539689, 286.3644861585418, 289.5048434475829, 311.68981738493596, 256.84783423139686]}, "pressure_gel": {"mean": [-0.0761085245105831, -0.07627343258876147, -0.0750287703407981, -0.07659737900824337, -0.07486375276477558], "err": [0.0005546625933358093, 0.0005166458297641521, 0.0005138698644801698, 0.0005452278990694935, 0.0005538277454130966], "eff_sample_size": [304.8273734498109, 333.3333333333333, 333.3333333333333, 289.5552324206153, 289.76785537627575]}, "alpha": 0.0, "v": 0.6, "system_volume": 16000, "n_mobile": 200, "electrostatic": false}