{"n_mobile_salt": {"mean": [100.368125, 101.095, 100.291875, 98.48, 98.900625], "err": [1.2968480987126314, 1.2168632150904102, 1.0255185561592683, 0.9872044418497503, 0.8496169299091973], "eff_sample_size": [3200.0, 3200.0, 3200.0, 3200.0, 3200.0]}, "pressure_salt": {"mean": [0.012676289776117924, 0.01214758990496637, 0.013448677890371378, 0.012955258685565508, 0.013736585413377852], "err": [0.00012744933291626817, 0.00012607828459682276, 0.0001273922857152688, 0.00013724018505306628, 0.0001299089774312032], "eff_sample_size": [278.1324933178464, 265.1034790584121, 300.39556297466, 250.26564870325785, 290.2776533543584]}, "pressure_gel": {"mean": [0.012690155015495091, 0.013197399629448865, 0.011889541439498337, 0.012427929365984318, 0.01162664010856384], "err": [0.00013345334982536517, 0.00013834389546275126, 0.0001396484497578441, 0.00012677234068308343, 0.00011766995747812715], "eff_sample_size": [249.47241364413753, 268.01820335055453, 206.5615876546412, 275.9126296126467, 293.08518655716733]}, "alpha": 0.0, "v": 0.5, "system_volume": 16000, "n_mobile": 200, "electrostatic": false, "no_gel": true}