{"n_mobile_salt": {"mean": [157.07203125, 157.1746875, 156.971875, 157.3915625, 157.2271875], "err": [0.41642015788243314, 0.5107420537419617, 0.5397657270126944, 0.6899712787492825, 0.7423903536499711], "eff_sample_size": [12800.0, 12800.0, 12800.0, 12800.0, 12800.0]}, "pressure_salt": {"mean": [0.016301070442755923, 0.01417995986807541, 0.015643720814671084, 0.017303659103968468, 0.016858781825255846], "err": [0.00011532198951188397, 0.00012208503530129324, 0.0001235267848854732, 0.00013119548669313235, 0.00013118964515494242], "eff_sample_size": [291.33342479513345, 256.2252368787359, 268.83682411367704, 261.9249945118561, 283.0081147775325]}, "pressure_gel": {"mean": [0.026332809371761863, 0.029344125158365722, 0.027252155460884445, 0.024721266345691745, 0.02524198578336077], "err": [0.0002155925063594696, 0.00020082179093787176, 0.00021484652462060792, 0.00018928334196376522, 0.00023434629620110365], "eff_sample_size": [229.02785834543306, 291.73622175103424, 269.35399975755735, 261.943599262191, 184.28662259542]}, "alpha": 0.25, "v": 0.4, "system_volume": 16000, "n_mobile": 262, "electrostatic": false, "no_gel": true, "no_LJ": true}