{"n_mobile_salt": {"mean": [134.2521875, 131.858125, 134.52, 131.8025, 132.981875], "err": [0.6105921334536618, 1.1950569916907463, 1.3930296455873799, 1.4499827846181201, 1.0039094829030006], "eff_sample_size": [6400.0, 3200.0, 3200.0, 3200.0, 3200.0]}, "pressure_salt": {"mean": [0.02049574645754178, 0.021100925969860424, 0.022414134833415537, 0.022139215299116395, 0.021118184961895218], "err": [0.00019462007136444482, 0.00018539236248871376, 0.000196159908259468, 0.00022106748566922682, 0.00019551128812641993], "eff_sample_size": [246.2838237775743, 294.6316609536191, 256.24716317518624, 208.47103309219267, 279.2890045734738]}, "pressure_gel": {"mean": [0.031984656242269045, 0.03124227782458031, 0.02994190912206217, 0.03021440502653348, 0.031134711609101563], "err": [0.00025628999600795877, 0.000233940120671472, 0.0002882491920337074, 0.0002223403327431467, 0.00027163047583042733], "eff_sample_size": [254.8751285516181, 303.57641155717465, 224.47188786912633, 314.81105105092325, 227.99398137596663]}, "alpha": 0.25, "v": 0.6, "system_volume": 16000, "n_mobile": 262, "electrostatic": false, "no_gel": true}