{"n_mobile_salt": {"mean": [131.9584375, 132.92125, 133.559375, 131.641875, 132.498125], "err": [0.7327383646749335, 1.0565569238858152, 1.3926452844599253, 1.1187145956331834, 1.4566385527759562], "eff_sample_size": [6400.0, 3200.0, 3200.0, 3200.0, 3200.0]}, "pressure_salt": {"mean": [0.015558168954552429, 0.016770192604133836, 0.016813448777250675, 0.01783107947708323, 0.017360460024915206], "err": [0.00013490914764043558, 0.00015831611689684255, 0.00014039893868758414, 0.00020014988543915437, 0.0001621536672623297], "eff_sample_size": [302.1486666502288, 249.05133154311343, 307.11625426661715, 164.27872638904603, 242.32899252237488]}, "pressure_gel": {"mean": [0.02613714633276114, 0.024755471387439127, 0.024840839772352147, 0.023757861629333136, 0.024165372440948202], "err": [0.00022824150130911253, 0.0001849366498480204, 0.00019210248001475517, 0.00018417070164559245, 0.0002383117520084538], "eff_sample_size": [207.17324505024047, 301.1565960265724, 303.44080515537473, 290.75641895045555, 173.1945989881737]}, "alpha": 0.25, "v": 0.5, "system_volume": 16000, "n_mobile": 262, "electrostatic": false, "no_gel": true}