{"n_mobile_salt": {"mean": [160.321875, 159.83625, 157.763125, 160.28, 159.844375], "err": [1.5906361091399306, 0.9956394980450891, 1.401977692957956, 0.9899957000439048, 1.7934046355845008], "eff_sample_size": [3200.0, 3200.0, 3200.0, 3200.0, 3200.0]}, "pressure_salt": {"mean": [0.01830565757717425, 0.01654836544897973, 0.01699390078544027, 0.018104316833302585, 0.01675482429413729], "err": [0.00013846561375558905, 0.00013219659595025836, 0.00013850743247879185, 0.00017993678155237924, 0.00013460241585662455], "eff_sample_size": [290.1371910493238, 265.0134867542739, 286.04363427150065, 179.70718052016406, 292.449215464561]}, "pressure_gel": {"mean": [0.024558817239297547, 0.02714714983284643, 0.026613575781015596, 0.024822724560030856, 0.026758486318824687], "err": [0.00021689611962188762, 0.00022523569525851063, 0.00024895383274713687, 0.00020459201202915284, 0.00022659625788327961], "eff_sample_size": [262.6939898209922, 297.5718855015295, 249.67048810928623, 295.7026837750687, 282.17040852869883]}, "alpha": 0.25, "v": 0.4, "system_volume": 16000, "n_mobile": 262, "electrostatic": false, "no_gel": true}