{"n_mobile_salt": {"mean": [133.275625, 132.92625, 131.8975, 132.875, 133.00875], "err": [0.61845249446061, 1.0831050365495318, 1.304860212294586, 1.161485726372029, 1.3947109823916668], "eff_sample_size": [6400.0, 3200.0, 3200.0, 3200.0, 3200.0]}, "pressure_salt": {"mean": [0.012711637509906294, 0.013291961573325491, 0.013550037465118955, 0.013577205348733714, 0.015455344239665792], "err": [0.00011485799792250425, 0.00012500653283749365, 0.00011114858865680399, 0.00015321158183290897, 0.00012575383589986266], "eff_sample_size": [273.7866782078804, 251.32202410784637, 298.4920447507272, 162.0504414008782, 290.23051422045864]}, "pressure_gel": {"mean": [0.021948656915493598, 0.02119214543537845, 0.021032251901297074, 0.021022651323326477, 0.018987494717795806], "err": [0.00016415105009965445, 0.00015531790383268863, 0.00017186640683310996, 0.000148568654576108, 0.0001620708344715181], "eff_sample_size": [287.0538971972642, 294.45565547704314, 260.02386521793255, 296.1144282515659, 232.8013281591153]}, "alpha": 0.25, "v": 0.4, "system_volume": 16000, "n_mobile": 262, "electrostatic": false, "no_gel": true}