{"n_mobile_salt": {"mean": [105.06671875, 104.2590625, 105.28140625, 104.63453125, 104.09], "err": [0.6147917132344816, 0.6103324508686596, 0.616730225695304, 0.49396081313813794, 0.6189941048928861], "eff_sample_size": [12800.0, 12800.0, 12800.0, 12800.0, 12800.0]}, "pressure_salt": {"mean": [0.016321996322241645, 0.015334542420204648, 0.015954647480600166, 0.01687899025471732, 0.01589579513483592], "err": [0.00015176181075515188, 0.00017845662142551528, 0.00015195688216525718, 0.00018481286421941648, 0.00017670559108374367], "eff_sample_size": [278.1235478797307, 219.25809596308181, 270.5192266132274, 197.64089649541333, 211.40368443937655]}, "pressure_gel": {"mean": [0.022969499959141024, 0.02350039433338476, 0.023180538797417452, 0.022518477043098502, 0.023059379186418844], "err": [0.000163667780885039, 0.00014723913275611054, 0.00016101663537220376, 0.00015109613681099326, 0.00016000568960621288], "eff_sample_size": [223.3927052444118, 287.7621026189065, 269.002108590618, 257.85526056109734, 243.64918707018626]}, "alpha": 0.25, "v": 0.6, "system_volume": 16000, "n_mobile": 262, "electrostatic": false, "no_gel": true, "no_LJ": true}