{"n_mobile_salt": {"mean": [130.80765625, 130.2084375, 131.08578125, 130.17890625, 131.59515625], "err": [0.6147132453185894, 0.5034643600566399, 0.6372628658965107, 0.6647003054538532, 0.7468385193442172], "eff_sample_size": [12800.0, 12800.0, 12800.0, 12800.0, 12800.0]}, "pressure_salt": {"mean": [0.0162859429811108, 0.016513264804347047, 0.016037111136670484, 0.016508965889413082, 0.015995292029939684], "err": [0.00013311829874298014, 0.00014357052525680572, 0.00014242476231867812, 0.00013107669525614206, 0.0001389558877121247], "eff_sample_size": [278.38014875865497, 267.74027119053943, 275.773872018051, 300.3777522224004, 287.58493556732526]}, "pressure_gel": {"mean": [0.024314556411697677, 0.023949339357041344, 0.024568021755499332, 0.024027335440331393, 0.024409794993201478], "err": [0.00017951324858271484, 0.00015929268480716527, 0.00018495461751718979, 0.0001730249465807876, 0.00019650023453813184], "eff_sample_size": [241.74689090850072, 293.7772814703679, 260.3686016007789, 241.21665190342162, 207.77892467179507]}, "alpha": 0.25, "v": 0.5, "system_volume": 16000, "n_mobile": 262, "electrostatic": false, "no_gel": true, "no_LJ": true}