{"n_mobile_salt": {"mean": [134.996875, 135.145, 133.255625, 133.41625, 134.1375], "err": [1.138396419706032, 1.2103721072163405, 1.3952286277649422, 1.2148883889878472, 1.3481709241505166], "eff_sample_size": [3200.0, 3200.0, 3200.0, 3200.0, 3200.0]}, "pressure_salt": {"mean": [0.0158021975360701, 0.018096292593474124, 0.016083325050797855, 0.01761324106375367, 0.01810590422463874], "err": [0.0001505586151581383, 0.00015724766876422865, 0.00015125086201011898, 0.0001696371144985946, 0.0001562772028199272], "eff_sample_size": [245.3684455812744, 272.56718267518113, 259.18972216096387, 227.9177175917033, 276.1713771360498]}, "pressure_gel": {"mean": [0.0259284040287292, 0.023423601485790584, 0.02559139366989846, 0.02401733861762556, 0.023375544687145713], "err": [0.00019712196163415536, 0.00017886001210588076, 0.00021949528304209706, 0.00017855786598336377, 0.00021589436090093972], "eff_sample_size": [283.4406629395175, 301.16109749185205, 243.3876369101239, 312.8989248846098, 218.87214460588132]}, "alpha": 0.25, "v": 0.5, "system_volume": 16000, "n_mobile": 262, "electrostatic": false, "no_gel": true}