{"n_mobile_salt": {"mean": [107.8375, 107.421875, 106.15375, 108.1325, 105.925], "err": [1.2707909935462491, 0.7610263450449248, 1.0001604015260124, 1.2696309485655506, 1.1859561796440543], "eff_sample_size": [3200.0, 3200.0, 3200.0, 3200.0, 3200.0]}, "pressure_salt": {"mean": [0.015929753028044766, 0.01615931125309728, 0.015946107172474182, 0.018171370031175728, 0.01789477524898792], "err": [0.0001614071698182973, 0.0001549344226573497, 0.00018862601322060612, 0.00018432239619673048, 0.00017436124261994274], "eff_sample_size": [288.82828561657135, 298.2605258937144, 209.08424973483096, 263.1270219258324, 267.2804075706416]}, "pressure_gel": {"mean": [0.02414371451087073, 0.023865419201131593, 0.024131543461115852, 0.022571485906806462, 0.022676304566098857], "err": [0.0001840900124317213, 0.00016485292751631397, 0.0001856206733126155, 0.00020186414597110497, 0.00016526033577043367], "eff_sample_size": [248.96888341521023, 298.52589148918196, 265.8130778440189, 190.07963780248053, 267.69102838297465]}, "alpha": 0.25, "v": 0.6, "system_volume": 16000, "n_mobile": 262, "electrostatic": false, "no_gel": true}