{
    "pure_donnan": true,
    "alpha": 0.5,
    "anion_fixed": 124.0,
    "N_pairs": 200,
    "volume": 2,
    "v": [
        0.2,
        0.275,
        0.35000000000000003,
        0.42500000000000004,
        0.5,
        0.5750000000000001,
        0.6500000000000001,
        0.7250000000000001,
        0.8
    ],
    "zeta": [
        0.3301993631629731,
        0.4313977943894716,
        0.5024358649821504,
        0.5695740932216665,
        0.6222760514411966,
        0.6575676223081157,
        0.69271217782375,
        0.7271837932706988,
        0.7487131189857605
    ],
    "product": [
        [
            13346.083593749998,
            13284.587499999998
        ],
        [
            14077.043519619458,
            14140.05950413224
        ],
        [
            14702.491124260363,
            14462.893877551032
        ],
        [
            15043.196975425382,
            15000.520415224906
        ],
        [
            15275.912,
            15366.104
        ],
        [
            15625.921107266417,
            15489.560680529283
        ],
        [
            15787.50612244898,
            15699.302958579881
        ],
        [
            15771.880991735607,
            15917.405945303251
        ],
        [
            16083.000000000002,
            15978.512499999999
        ]
    ]
}