{
    "pure_donnan": true,
    "alpha": 0.5,
    "anion_fixed": 124.0,
    "N_pairs": 200,
    "volume": 20000,
    "v": [
        0.2,
        0.275,
        0.35000000000000003,
        0.42500000000000004,
        0.5,
        0.5750000000000001,
        0.6500000000000001,
        0.7250000000000001,
        0.8
    ],
    "zeta": [
        -0.18969127348776293,
        0.14273632906632555,
        0.32297374129266404,
        0.4485974557939697,
        0.5218137681465564,
        0.5864529572143149,
        0.6409272500284013,
        0.6735173721700441,
        0.7089329736836086
    ]
}