{"n_mobile_salt": {"mean": [110.076875, 109.52375, 109.4075, 110.591875, 109.7809375], "err": [0.5821900505465657, 1.0037968310833667, 0.8806250445204408, 0.8413113732890469, 0.5993493545488257], "eff_sample_size": [6400.0, 6400.0, 6400.0, 6400.0, 6400.0]}, "pressure_salt": {"mean": [0.006868320540288536, 0.006630621398017114, 0.006179943726046927, 0.0071059186498008565, 0.0068483526989198615], "err": [6.014597394534014e-05, 6.025861719666665e-05, 5.948369527452351e-05, 6.176965361011822e-05, 5.72219619097833e-05], "eff_sample_size": [272.1594321828536, 287.16257122478066, 241.28916444654874, 300.46822628698123, 304.98698633940023]}, "pressure_gel": {"mean": [0.023498287815083965, 0.02376435804037517, 0.024346004147037383, 0.023203074087126782, 0.02340641729250325], "err": [0.00012743619710161842, 0.00012483444658359854, 0.00014413443042194255, 0.00012100270905220109, 0.00013239394742575888], "eff_sample_size": [251.0803020675157, 279.6495880812378, 236.9291973321501, 287.33275884495055, 244.7788001094795]}, "alpha": 0.0, "v": 0.45, "system_volume": 31250, "n_pairs": 100, "electrostatic": false, "n_gel": 248, "anion_fixed": 0, "box_l": [25.807002886409176, 24.13723461514074], "volume": [17187.5, 14062.5], "no_interaction": true}