{"n_mobile_salt": {"mean": [119.89875, 119.973125, 120.7465625, 120.4328125, 119.125], "err": [0.818643679137978, 0.9894530829541328, 0.8294950069579061, 0.6334657700663301, 1.0089596470865758], "eff_sample_size": [6400.0, 6400.0, 6400.0, 6400.0, 6400.0]}, "pressure_salt": {"mean": [0.006730534950451023, 0.006820732258179875, 0.006731685742583256, 0.007473251358101159, 0.006496546839802804], "err": [5.600288769866421e-05, 5.6832639669285504e-05, 6.004983739656778e-05, 5.9363497100996855e-05, 6.0169128194856246e-05], "eff_sample_size": [282.63032354206615, 273.08995973295373, 246.76811914125827, 305.6173262868358, 237.01849701590288]}, "pressure_gel": {"mean": [0.02578694794975292, 0.025607980733960537, 0.025792355473590944, 0.024676883352108003, 0.026025758882749536], "err": [0.00013877888371770778, 0.00013798674073226198, 0.00015553130487372074, 0.00013740275668285148, 0.00014927685882746297], "eff_sample_size": [258.7845750338267, 276.3954446284631, 243.95390236870298, 267.5163908760951, 235.29893743969066]}, "alpha": 0.0, "v": 0.4, "system_volume": 31250, "n_pairs": 100, "electrostatic": false, "n_gel": 248, "anion_fixed": 0, "box_l": [26.566464229565273, 23.20794416806389], "volume": [18750.0, 12500.0], "no_interaction": true}