{"n_mobile_salt": {"mean": [89.685625, 89.3265625, 89.155, 90.165625, 90.469375], "err": [0.5878966668083201, 0.6641431386665679, 0.8883966510426986, 0.7246948439324563, 0.4398854425390165], "eff_sample_size": [6400.0, 6400.0, 3200.0, 6400.0, 6400.0]}, "pressure_salt": {"mean": [0.006692620873822614, 0.006243711332666958, 0.006275706059509636, 0.006547045872131335, 0.006088535528748005], "err": [6.412427731943366e-05, 6.624702920888977e-05, 6.014556252320288e-05, 6.42070970482949e-05, 6.356213950627413e-05], "eff_sample_size": [274.1358709282761, 273.49738784715134, 291.1071304137736, 311.72536624501885, 256.56733078812687]}, "pressure_gel": {"mean": [0.0206238668250687, 0.02093052145369179, 0.020976233180409663, 0.02072688879987193, 0.021039175189701446], "err": [0.00011351995015560553, 0.00010764609799125463, 0.00011153613645751313, 0.00010272449793619339, 0.00011082131590583276], "eff_sample_size": [229.8859441808772, 273.18280196622277, 266.05908667994106, 290.38264120546165, 247.55045120652198]}, "alpha": 0.0, "v": 0.55, "system_volume": 31250, "n_pairs": 100, "electrostatic": false, "n_gel": 248, "anion_fixed": 0, "box_l": [24.137234615140738, 25.807002886409176], "volume": [14062.499999999998, 17187.5], "no_interaction": true}