{"n_mobile_salt": {"mean": [314.2665625, 316.485, 315.5134375, 314.9646875, 315.0925], "err": [0.750640367383341, 1.3221006794380903, 1.3693206832236178, 1.2820033128539872, 1.4397615158488046], "eff_sample_size": [6400.0, 6400.0, 6400.0, 6400.0, 6400.0]}, "pressure_salt": {"mean": [0.01723365745434685, 0.01705628790735951, 0.016233295131862904, 0.017524690594116873, 0.0166227050782588], "err": [9.098633830515428e-05, 9.551096796628133e-05, 9.464006679714116e-05, 9.567938336447018e-05, 0.00010392668352695239], "eff_sample_size": [278.53453733031307, 243.76078443596285, 263.00037588018995, 263.89968980154526, 207.68677196832175]}, "pressure_gel": {"mean": [0.036000648246969365, 0.03619127357866783, 0.037490714998950764, 0.03553443953640796, 0.036729890988583425], "err": [0.00015719766993540756, 0.00016663128631308867, 0.00018952874549328947, 0.0001540061231035154, 0.0001693048028772784], "eff_sample_size": [286.88858760355606, 275.3101866889142, 232.69953495072212, 301.0422573708349, 253.64619764699125]}, "alpha": 0.5, "v": 0.4, "system_volume": 31250, "n_pairs": 200, "electrostatic": false, "n_gel": 248, "anion_fixed": 124, "box_l": [26.566464229565273, 23.20794416806389], "volume": [18750.0, 12500.0], "no_interaction": false}