{
    "n_mobile_salt": {
        "mean": [
            246.914375,
            249.04,
            245.858125,
            246.849375,
            249.674375
        ],
        "err": [
            0.7160611719889084,
            0.8609205267910385,
            0.9908273216200612,
            1.1471734957483108,
            1.4403370514630718
        ],
        "eff_sample_size": [
            3200.0,
            3200.0,
            3200.0,
            3200.0,
            3200.0
        ]
    },
    "pressure_salt": {
        "mean": [
            0.026530832428111252,
            0.024761981012398813,
            0.02486275318887095,
            0.02421317422196686,
            0.02538378804921036
        ],
        "err": [
            0.00016094068777540985,
            0.00015026253222355724,
            0.00016380284145332485,
            0.00017028813237025204,
            0.0001570090687258012
        ],
        "eff_sample_size": [
            260.6646886336617,
            274.2014618912067,
            279.6269613906777,
            231.9393720129852,
            284.27694657888105
        ]
    },
    "pressure_gel": {
        "mean": [
            0.08096027075045861,
            0.08349707925806488,
            0.08355544034843075,
            0.08434262651835567,
            0.08238687798269498
        ],
        "err": [
            0.00033030060257725557,
            0.00036021098904480127,
            0.00038119624597529015,
            0.00033822616706180185,
            0.00032776042732971645
        ],
        "eff_sample_size": [
            294.0343791625669,
            263.0224967452407,
            254.92815361875296,
            290.2594637940287,
            287.08541796505153
        ]
    },
    "alpha": 0.5,
    "v": 0.4,
    "system_volume": 16000,
    "n_pairs": 200,
    "electrostatic": false,
    "n_gel": 248,
    "anion_fixed": 124,
    "box_l": [
        21.25317138365222,
        18.566355334451114
    ],
    "volume": [
        9600.0,
        6400.0
    ],
    "no_interaction": false
}