{"n_mobile_salt": {"mean": [213.205, 217.1525, 217.45875, 210.2825, 215.72125], "err": [1.8141648089548965, 2.3196002246342897, 2.254230094627894, 2.150072820102538, 2.25562565845323], "eff_sample_size": [1600.0, 1600.0, 1600.0, 1600.0, 1600.0]}, "pressure_salt": {"mean": [0.03576491092259032, 0.034303663175649195, 0.03507234548690133, 0.03734836919372806, 0.037633118505451556], "err": [0.0002742797197594878, 0.00026605250310523637, 0.00026619523229362736, 0.0002789947916083772, 0.00026206695259566303], "eff_sample_size": [254.2770673969482, 255.06627441964676, 282.101988325265, 263.7359877017859, 293.1609461180593]}, "pressure_gel": {"mean": [0.020015023459014895, 0.021197925762287163, 0.020408888062140997, 0.018723725351010884, 0.018561709868228134], "err": [0.0008047026569957592, 0.0009104019205706135, 0.0008355513340974672, 0.0007939962790203263, 0.0007711043354166133], "eff_sample_size": [313.72913948564604, 254.26584118063965, 293.62267137348886, 326.72622271807035, 317.0887368571827]}, "alpha": 0.5, "v": 0.6, "system_volume": 16000, "n_pairs": 200, "electrostatic": false, "n_gel": 248, "anion_fixed": 124, "box_l": [18.566355334451114, 21.25317138365222], "volume": [6400.0, 9600.0], "no_interaction": false}