{
    "n_mobile_salt": {
        "mean": [
            48.5275,
            38.7875,
            39.9225,
            33.96,
            29.1225
        ],
        "err": [
            0.6939687463240362,
            0.8546428274797021,
            0.68152674311963,
            0.15277029240916765,
            0.46779371833786865
        ],
        "eff_sample_size": [
            800.0,
            800.0,
            800.0,
            800.0,
            800.0
        ]
    },
    "pressure_salt": {
        "mean": [
            0.006881157152664169,
            0.005937727008169437,
            0.00501646982532698,
            0.0053136759009639305,
            0.004371824738832824
        ],
        "err": [
            0.0001032075030737914,
            8.906734455247796e-05,
            8.348075275377895e-05,
            9.222685664658468e-05,
            0.00010100996212621763
        ],
        "eff_sample_size": [
            272.7173291626378,
            305.7219686102729,
            303.31135100737873,
            235.29255813701593,
            170.12202708918895
        ]
    },
    "pressure_gel": {
        "mean": [
            0.07591383525961899,
            0.07647371432016242,
            0.07707396836901942,
            0.07686797283737908,
            0.077383571890973
        ],
        "err": [
            0.0002653542328062522,
            0.00028372548081031737,
            0.0002815172907317276,
            0.00025708721521173545,
            0.00027103904188904057
        ],
        "eff_sample_size": [
            275.2611646684604,
            258.21215037543726,
            280.6570326440161,
            303.5795964384457,
            279.0253872640677
        ]
    },
    "alpha": 0.5,
    "v": 0.6,
    "system_volume": 16000,
    "n_pairs": 200,
    "electrostatic": false,
    "n_gel": 248,
    "anion_fixed": 124,
    "box_l": [
        18.566355334451114,
        21.25317138365222
    ],
    "volume": [
        6400.0,
        9600.0
    ],
    "no_interaction": true
}