{"n_mobile_salt": {"mean": [260.1021875, 263.964375, 260.865625, 262.0103125, 261.10125], "err": [1.3101425228331334, 1.7641063006606317, 0.9764712156122372, 1.1715489440834363, 0.8949075931629993], "eff_sample_size": [6400.0, 6400.0, 6400.0, 6400.0, 6400.0]}, "pressure_salt": {"mean": [0.016690720060212258, 0.01741046726543192, 0.016668306191437637, 0.016031716112394498, 0.015348450207366644], "err": [9.93071508899483e-05, 0.0001030422749609866, 0.00010213681969268557, 9.81483958478067e-05, 9.40858574457474e-05], "eff_sample_size": [255.6602877865531, 255.00878485501875, 284.15212499605985, 277.28336954192156, 278.31224077574575]}, "pressure_gel": {"mean": [0.03279560162276714, 0.03199254654848869, 0.03279614128688796, 0.03340688507860759, 0.03398460173878014], "err": [0.00013176564711682562, 0.00014533746387508317, 0.00015306008085748455, 0.000137982185418537, 0.00014071880183839474], "eff_sample_size": [298.7953102499301, 253.0347632438214, 244.57005056522954, 287.7015428250548, 263.06447375994946]}, "alpha": 0.5, "v": 0.5, "system_volume": 31250, "n_pairs": 200, "electrostatic": false, "n_gel": 248, "anion_fixed": 124, "box_l": [24.999999999999996, 24.999999999999996], "volume": [15625.0, 15625.0], "no_interaction": false}