{"n_mobile_salt": {"mean": [262.1040625, 263.3984375, 261.0546875, 260.676875, 260.5471875], "err": [1.0006995744132379, 1.1098441505947114, 0.9855644542256944, 1.4282045245775292, 1.2739314563786375], "eff_sample_size": [6400.0, 6400.0, 6400.0, 6400.0, 6400.0]}, "pressure_salt": {"mean": [0.016936110025095565, 0.01676973928787467, 0.01666959727226337, 0.016159991122242295, 0.01687937371246518], "err": [9.431131251402567e-05, 0.00010386483763675021, 0.00011003230591272513, 9.716510257245594e-05, 0.00011328264178145252], "eff_sample_size": [290.4376886151763, 240.8241802132064, 239.78417578711364, 285.4973423401487, 212.10661778263102]}, "pressure_gel": {"mean": [0.03255123971294248, 0.03264760531941227, 0.032815447722987626, 0.033287898082273455, 0.03245319161380596], "err": [0.00013520900431214272, 0.00014790728661758824, 0.00015553181954538908, 0.0001336786380714586, 0.00013994023776992554], "eff_sample_size": [284.20078489520006, 248.90187037253065, 238.9700560637601, 304.0871185893745, 256.6114711215787]}, "alpha": 0.5, "v": 0.5, "system_volume": 31250, "n_pairs": 200, "electrostatic": false, "n_gel": 248, "anion_fixed": 124, "box_l": [24.999999999999996, 24.999999999999996], "volume": [15625.0, 15625.0], "no_interaction": false}