{"n_mobile_salt": {"mean": [187.131875, 190.6853125, 188.350625, 190.825625, 193.2396875], "err": [1.290136032957912, 1.1970770010241647, 1.1149264921939153, 1.0510606644308087, 1.1034188972589338], "eff_sample_size": [6400.0, 6400.0, 6400.0, 6400.0, 6400.0]}, "pressure_salt": {"mean": [0.030663390123985772, 0.03478696875869383, 0.03445228160619918, 0.0359657985557341, 0.03631704248024893], "err": [0.00023935424638953166, 0.0003888965529016766, 0.00029662249038511773, 0.0003108795808023773, 0.0002593806072065375], "eff_sample_size": [292.99555343484644, 129.8062193039551, 232.7170817945693, 223.33295059729596, 298.2054173043318]}, "pressure_gel": {"mean": [0.021968684982162267, 0.019979904575250867, 0.02028692997412174, 0.01908954243151564, 0.01913279996326706], "err": [0.0007738622465907188, 0.0008641007587480759, 0.000794408116754207, 0.0007818070109802976, 0.0007292626766758063], "eff_sample_size": [263.54037303812464, 234.68220446540755, 279.7012803858191, 280.1764014212758, 284.42280451640363]}, "alpha": 0.5, "v": 0.65, "system_volume": 16000, "n_pairs": 200, "electrostatic": false, "n_gel": 248, "anion_fixed": 124, "box_l": [17.75808003485201, 21.82785766122211], "volume": [5600.0, 10400.0], "no_interaction": true}