{
    "n_mobile_salt": {
        "mean": [
            140.255,
            139.9975,
            125.9375,
            128.6375,
            168.8525
        ],
        "err": [
            1.6481214750810451,
            2.3144621211091896,
            1.8346009234126686,
            2.256895705980331,
            4.8258590629993945
        ],
        "eff_sample_size": [
            800.0,
            800.0,
            800.0,
            800.0,
            800.0
        ]
    },
    "pressure_salt": {
        "mean": [
            0.01681479133486173,
            0.01550538701034906,
            0.014533995314550843,
            0.016985692048896526,
            0.024650223730283506
        ],
        "err": [
            0.00013890792011189546,
            0.0001298454613222114,
            0.00013458425222374128,
            0.00014788799520397143,
            0.00020250371476276908
        ],
        "eff_sample_size": [
            273.20496492781723,
            303.46745948592894,
            277.88723183377454,
            251.87191888552553,
            198.08294994565492
        ]
    },
    "pressure_gel": {
        "mean": [
            0.07979888271420067,
            0.0810444584814217,
            0.08205900679331768,
            0.07951658456904011,
            0.07167503380410153
        ],
        "err": [
            0.00029806205506969737,
            0.0003291019297884899,
            0.00036419254844255623,
            0.00029005086494406535,
            0.0002763285907547702
        ],
        "eff_sample_size": [
            280.60921443845103,
            244.4423673162283,
            213.47392854324514,
            306.3477269285401,
            277.62598011195246
        ]
    },
    "alpha": 0.5,
    "v": 0.5,
    "system_volume": 16000,
    "n_pairs": 200,
    "electrostatic": false,
    "n_gel": 248,
    "anion_fixed": 124,
    "box_l": [
        19.999999999999996,
        19.999999999999996
    ],
    "volume": [
        8000.0,
        8000.0
    ],
    "no_interaction": true
}