{
    "n_mobile_salt": {
        "mean": [
            247.896875,
            248.31,
            245.365625,
            250.9575,
            245.5325
        ],
        "err": [
            1.7078464300099354,
            1.3084729259807248,
            1.6170552604795259,
            1.7581475333494208,
            1.7034980948171659
        ],
        "eff_sample_size": [
            3200.0,
            3200.0,
            3200.0,
            3200.0,
            3200.0
        ]
    },
    "pressure_salt": {
        "mean": [
            0.030305774420153187,
            0.03196818593117684,
            0.03384924457640278,
            0.03200564540308171,
            0.029721395316192813
        ],
        "err": [
            0.0001741475735490894,
            0.00020575680597554295,
            0.00022115201852270926,
            0.00021652907242737378,
            0.00017499941825705137
        ],
        "eff_sample_size": [
            296.2914020569151,
            226.01127164373895,
            237.8391862004802,
            216.5996148188739,
            292.95473530917604
        ]
    },
    "pressure_gel": {
        "mean": [
            0.066287325635386,
            0.06455357067835306,
            0.06280032682906986,
            0.06451378271440922,
            0.06665235167710355
        ],
        "err": [
            0.00026842947035510923,
            0.00028849118575874447,
            0.0003059460134748505,
            0.00025444265492667557,
            0.0002732924666730288
        ],
        "eff_sample_size": [
            277.18717920495,
            258.2277575405471,
            243.03417787987243,
            308.7139844613621,
            271.35260259364077
        ]
    },
    "alpha": 0.5,
    "v": 0.5,
    "system_volume": 16000,
    "n_pairs": 200,
    "electrostatic": false,
    "n_gel": 248,
    "anion_fixed": 124,
    "box_l": [
        19.999999999999996,
        19.999999999999996
    ],
    "volume": [
        8000.0,
        8000.0
    ],
    "no_interaction": false
}