{"n_mobile_salt": {"mean": [242.48125, 246.735, 245.2709375, 241.211875, 244.8321875], "err": [0.8995697670621581, 1.0287488049136797, 1.1115681018014731, 0.8091859194466672, 1.6420771485644097], "eff_sample_size": [6400.0, 6400.0, 6400.0, 6400.0, 6400.0]}, "pressure_salt": {"mean": [0.03617117418471012, 0.030973347615374274, 0.033492300912527265, 0.03661003403595405, 0.03458545440232842], "err": [0.00023933226876906438, 0.00026340890649535103, 0.0002402990894981768, 0.0003133860523354258, 0.00022623414349758913], "eff_sample_size": [301.16906163498913, 192.33502980782194, 283.1581631205515, 170.96989755241628, 310.4021724487918]}, "pressure_gel": {"mean": [0.02091155346630788, 0.02529158182361187, 0.02270307506895717, 0.0204398920264124, 0.022355122846717174], "err": [0.0009368174639056517, 0.0010246176340465572, 0.0009011725500838912, 0.0009148659013226157, 0.0009417944484515469], "eff_sample_size": [289.41173304724913, 252.5823845553634, 311.5378121295687, 331.61357170892626, 296.6838163857763]}, "alpha": 0.5, "v": 0.55, "system_volume": 16000, "n_pairs": 200, "electrostatic": false, "n_gel": 248, "anion_fixed": 124, "box_l": [19.30978769211259, 20.64560230912734], "volume": [7199.999999999999, 8800.0], "no_interaction": false}