{
    "n_mobile_salt": {
        "mean": [
            112.785,
            93.0925,
            87.4475,
            85.18,
            88.5875
        ],
        "err": [
            2.3788399038989496,
            1.3817676155714897,
            1.1479736415853625,
            0.2962290981712547,
            1.3680261582997044
        ],
        "eff_sample_size": [
            800.0,
            800.0,
            800.0,
            800.0,
            800.0
        ]
    },
    "pressure_salt": {
        "mean": [
            0.010454076769479258,
            0.009623904746987115,
            0.008946699121693165,
            0.008951076640649,
            0.009568475175922924
        ],
        "err": [
            0.0001160559279977495,
            9.751091207592716e-05,
            9.356141934318494e-05,
            9.78266412471124e-05,
            0.00011448328446139585
        ],
        "eff_sample_size": [
            224.2670905688,
            277.5454499060716,
            281.46702516162264,
            238.9679112495462,
            197.32415060227655
        ]
    },
    "pressure_gel": {
        "mean": [
            0.10508074658016314,
            0.10624880888639918,
            0.10722276216177686,
            0.1072013835263155,
            0.10610282034528766
        ],
        "err": [
            0.00038573185042362106,
            0.0004072223945447247,
            0.00043252289823730937,
            0.00037276713396752526,
            0.00037254088013263613
        ],
        "eff_sample_size": [
            270.02550087042556,
            263.70870758556447,
            249.87163194604602,
            306.7276739146907,
            307.9081587108804
        ]
    },
    "alpha": 0.5,
    "v": 0.4,
    "system_volume": 16000,
    "n_pairs": 200,
    "electrostatic": false,
    "n_gel": 248,
    "anion_fixed": 124,
    "box_l": [
        21.25317138365222,
        18.566355334451114
    ],
    "volume": [
        9600.0,
        6400.0
    ],
    "no_interaction": true
}