{"n_mobile_salt": {"mean": [286.719375, 290.455625, 286.538125, 286.0903125, 291.4725], "err": [0.9489244344708887, 1.2219243002609006, 1.1244179623217327, 1.8407230514856145, 1.0539067909988384], "eff_sample_size": [6400.0, 6400.0, 6400.0, 6400.0, 6400.0]}, "pressure_salt": {"mean": [0.016811918478662004, 0.016854575048671976, 0.015962798529222163, 0.016455892549341038, 0.017069175487872616], "err": [9.500752827684049e-05, 9.739612643935485e-05, 9.583004829797946e-05, 9.405924086526243e-05, 9.51214321522887e-05], "eff_sample_size": [267.65518542198737, 252.74406633924704, 275.06256996121135, 278.298131256866, 272.457204154966]}, "pressure_gel": {"mean": [0.03441786825365854, 0.034285713593687886, 0.03545626756144846, 0.03484859732144411, 0.03393608190730799], "err": [0.00013913543127943876, 0.0001588143074325503, 0.00017650823096622471, 0.00014910189407561073, 0.00014752812130615532], "eff_sample_size": [315.5309522931975, 254.51205262229809, 230.0129926698433, 283.3490772526821, 270.2915779838128]}, "alpha": 0.5, "v": 0.45, "system_volume": 31250, "n_pairs": 200, "electrostatic": false, "n_gel": 248, "anion_fixed": 124, "box_l": [25.807002886409176, 24.13723461514074], "volume": [17187.5, 14062.5], "no_interaction": true}