{"n_mobile_salt": {"mean": [233.24375, 235.7953125, 233.6109375, 235.6103125, 234.56125], "err": [0.9886716906561559, 1.6808834631505731, 1.3851580288335563, 1.5363442951856212, 0.9483158070660047], "eff_sample_size": [6400.0, 6400.0, 6400.0, 6400.0, 6400.0]}, "pressure_salt": {"mean": [0.03787503930512865, 0.03219727850714526, 0.03420443311788815, 0.032271605145889365, 0.032474158147193836], "err": [0.00021815251661493423, 0.00023254580474465212, 0.00021455122862483857, 0.00019827041414754393, 0.0002398621108545633], "eff_sample_size": [267.4407336186398, 210.75336339920753, 272.33024336115164, 296.4384905007062, 196.1091881341547]}, "pressure_gel": {"mean": [0.05686991251723659, 0.06142030742724907, 0.05985583447823165, 0.061376311380872337, 0.0610081589597448], "err": [0.00023312745623062987, 0.00027784565337368375, 0.0002717742381172048, 0.00024115374674022483, 0.0002580267305709242], "eff_sample_size": [299.0459313319714, 238.24379216378892, 257.2152390727754, 297.02489043681567, 259.4972728405256]}, "alpha": 0.5, "v": 0.55, "system_volume": 16000, "n_pairs": 200, "electrostatic": false, "n_gel": 248, "anion_fixed": 124, "box_l": [19.30978769211259, 20.64560230912734], "volume": [7199.999999999999, 8800.0], "no_interaction": false}