{"n_mobile_salt": {"mean": [163.3725, 162.675, 160.08875, 166.64375, 164.125], "err": [1.7817373976075601, 1.9721910052503513, 2.575750653582415, 2.5091811362543868, 1.995427145143322], "eff_sample_size": [1600.0, 1600.0, 1600.0, 1600.0, 1600.0]}, "pressure_salt": {"mean": [0.036927650188383225, 0.034974884270399714, 0.037394546212861556, 0.03459970580369155, 0.03660118574457262], "err": [0.000337568092923627, 0.00030505186303226407, 0.0003278414157805466, 0.00036281302809462826, 0.0003178407373170233], "eff_sample_size": [233.30517687885583, 261.5722807738484, 271.2925480625079, 192.23837311202377, 254.45294579370807]}, "pressure_gel": {"mean": [0.019571931863522365, 0.020573067123389233, 0.019109534956417866, 0.020515738959641736, 0.019725550691112613], "err": [0.0007167945594880479, 0.0007320976808295646, 0.0007413453563451124, 0.0007478089091137953, 0.0007969713962631732], "eff_sample_size": [325.502141020817, 266.19919557887727, 298.4381048371968, 277.01142484982483, 244.67112746055722]}, "alpha": 0.5, "v": 0.7, "system_volume": 16000, "n_pairs": 200, "electrostatic": false, "n_gel": 248, "anion_fixed": 124, "box_l": [16.868653306034982, 22.37377884162793], "volume": [4800.000000000001, 11200.0], "no_interaction": false}