{"n_mobile_salt": {"mean": [157.644375, 160.0375, 157.3975, 156.138125, 153.7221875], "err": [1.01888525394976, 0.8418070768302673, 1.093511130464063, 1.0590275764354717, 1.339441155250987], "eff_sample_size": [6400.0, 6400.0, 6400.0, 6400.0, 6400.0]}, "pressure_salt": {"mean": [0.03382913774803195, 0.03369172160431996, 0.03253209846424843, 0.02842036905711542, 0.028660585501841446], "err": [0.00024056477962680126, 0.00026602057319491054, 0.0002549295684372027, 0.00022492668592282572, 0.00026915117518102396], "eff_sample_size": [289.65645470308414, 267.97213824538926, 255.65434573158274, 308.78882884595714, 207.28723604025126]}, "pressure_gel": {"mean": [0.05450504167289888, 0.054502526812642754, 0.055029749602256046, 0.056809091348783036, 0.05652723450913256], "err": [0.0002097515336560325, 0.00022261749089024958, 0.00026371665983488735, 0.00020472917289076888, 0.0002189698337731128], "eff_sample_size": [288.0901662304528, 254.46198249802762, 193.81966513317317, 303.2041533077786, 270.93408270746744]}, "alpha": 0.5, "v": 0.7, "system_volume": 16000, "n_pairs": 200, "electrostatic": false, "n_gel": 248, "anion_fixed": 124, "box_l": [16.868653306034982, 22.37377884162793], "volume": [4800.000000000001, 11200.0], "no_interaction": true}