{
    "n_mobile_salt": {
        "mean": [
            255.198125,
            212.49125,
            242.426875,
            259.5525,
            276.93625
        ],
        "err": [
            6.379514546134112,
            3.4990884532882536,
            4.990690834085115,
            5.601609900840512,
            1.6276727508429623
        ],
        "eff_sample_size": [
            3200.0,
            3200.0,
            3200.0,
            3200.0,
            3200.0
        ]
    },
    "pressure_salt": {
        "mean": [
            0.03293298201353938,
            0.03587224645821048,
            0.04759503994407762,
            0.04126907561372168,
            0.04552600390120797
        ],
        "err": [
            0.00020493306121704705,
            0.00023235912392239583,
            0.00026979624737849387,
            0.0002738832165319469,
            0.00023973091846043538
        ],
        "eff_sample_size": [
            297.9159272729466,
            248.41543588481662,
            280.0442073042101,
            222.83147717758607,
            298.3741900745659
        ]
    },
    "pressure_gel": {
        "mean": [
            0.05859895675287015,
            0.056513533347410584,
            0.04879264402725799,
            0.05295066614613513,
            0.049896526425120824
        ],
        "err": [
            0.00022492226025720664,
            0.00024136731206955976,
            0.00022831000690748038,
            0.00022241221879199956,
            0.00022259775504373126
        ],
        "eff_sample_size": [
            292.65982755516245,
            269.6643399756431,
            277.17957021767654,
            275.8236491055691,
            256.7352088256246
        ]
    },
    "alpha": 0.5,
    "v": 0.6,
    "system_volume": 16000,
    "n_pairs": 200,
    "electrostatic": false,
    "n_gel": 248,
    "anion_fixed": 124,
    "box_l": [
        18.566355334451114,
        21.25317138365222
    ],
    "volume": [
        6400.0,
        9600.0
    ],
    "no_interaction": false
}