{"n_mobile_salt": {"mean": [211.3, 208.408125, 212.26375, 205.58625, 207.8125], "err": [0.9519470996191279, 0.8554147603026918, 1.2726573416715434, 0.930146985729033, 1.2446789834931584], "eff_sample_size": [6400.0, 6400.0, 6400.0, 6400.0, 6400.0]}, "pressure_salt": {"mean": [0.033548182930116535, 0.031815481130288044, 0.03440972626709423, 0.031895754681874326, 0.03306668734966152], "err": [0.00019696018470439326, 0.0002199345497122287, 0.00021957168478337755, 0.00022643126038897622, 0.00021485726606072344], "eff_sample_size": [310.9755128452412, 256.98050857142226, 287.6505393592322, 255.7417169319656, 290.34143847264704]}, "pressure_gel": {"mean": [0.05819465277384274, 0.05920662227745048, 0.05756330877845704, 0.059199955853873484, 0.05822354962945863], "err": [0.00022258516394542803, 0.00026561569589800976, 0.0002520398375584378, 0.00022768474472447688, 0.00024054778184267957], "eff_sample_size": [293.774614214204, 231.03798533240655, 259.64234249304405, 290.6396559390811, 263.0678278119702]}, "alpha": 0.5, "v": 0.6, "system_volume": 16000, "n_pairs": 200, "electrostatic": false, "n_gel": 248, "anion_fixed": 124, "box_l": [18.566355334451114, 21.25317138365222], "volume": [6400.0, 9600.0], "no_interaction": false}