{"n_mobile_salt": {"mean": [298.40875, 297.3, 300.1875, 297.7171875, 297.493125], "err": [1.4553881318734005, 1.4874080103869918, 1.0572979471876667, 1.5622508423465524, 1.503908307832221], "eff_sample_size": [6400.0, 6400.0, 6400.0, 6400.0, 6400.0]}, "pressure_salt": {"mean": [0.03598127214628011, 0.034370514301127, 0.03763032600092872, 0.0320210865584012, 0.03528805200546164], "err": [0.00024644370511769606, 0.00024030977088508222, 0.00023453421485957696, 0.0002333968933709496, 0.0002276419457413939], "eff_sample_size": [225.59944525210452, 220.0244101084192, 269.94487003358694, 235.45587660823347, 259.0257344499226]}, "pressure_gel": {"mean": [0.020403412716630782, 0.022395405392682345, 0.018711581053395734, 0.025308864894109172, 0.021816068920335226], "err": [0.0011534764175491626, 0.0011437674681041567, 0.001190349861520082, 0.0011228166456668416, 0.0010906471501818855], "eff_sample_size": [293.55189592201646, 274.0795845985504, 267.7468255953951, 323.63817706613827, 314.65926391757216]}, "alpha": 0.5, "v": 0.45, "system_volume": 16000, "n_pairs": 200, "electrostatic": false, "n_gel": 248, "anion_fixed": 124, "box_l": [20.64560230912734, 19.309787692112593], "volume": [8800.0, 7200.0], "no_interaction": false}