{
    "n_mobile_salt": {
        "mean": [
            246.7075,
            236.0025,
            253.218125,
            250.32,
            261.1075
        ],
        "err": [
            2.2230315725625114,
            3.1584251395430587,
            2.9959488513044614,
            2.8835207597267853,
            2.234552248666026
        ],
        "eff_sample_size": [
            3200.0,
            3200.0,
            3200.0,
            3200.0,
            3200.0
        ]
    },
    "pressure_salt": {
        "mean": [
            0.03232589716553989,
            0.03357109356007291,
            0.037027317145891546,
            0.031146620140355203,
            0.03851538762862126
        ],
        "err": [
            0.00018976324722633442,
            0.00021056286675787467,
            0.00022546421305935278,
            0.0002397214567550462,
            0.00022432796966034371
        ],
        "eff_sample_size": [
            291.0583671616128,
            249.64630884835722,
            276.6606516161621,
            197.77128353352236,
            257.9314850696448
        ]
    },
    "pressure_gel": {
        "mean": [
            0.06136970124366669,
            0.06028054440506229,
            0.05755228614923975,
            0.062291265801721805,
            0.05603857614986452
        ],
        "err": [
            0.0002441465403715802,
            0.0002621945583377459,
            0.0002669832294852603,
            0.00024163963322825315,
            0.00023159696270185526
        ],
        "eff_sample_size": [
            283.1472688456723,
            266.9450635727782,
            262.28191754410994,
            292.70185470425173,
            290.35587878592065
        ]
    },
    "alpha": 0.5,
    "v": 0.55,
    "system_volume": 16000,
    "n_pairs": 200,
    "electrostatic": false,
    "n_gel": 248,
    "anion_fixed": 124,
    "box_l": [
        19.30978769211259,
        20.64560230912734
    ],
    "volume": [
        7199.999999999999,
        8800.0
    ],
    "no_interaction": false
}