{"n_mobile_salt": {"mean": [272.20125, 275.27875, 267.33875, 271.82, 269.63625], "err": [2.47484196568999, 3.1668824622599905, 3.2019925795204998, 2.3021175267121117, 1.7948060170990263], "eff_sample_size": [1600.0, 1600.0, 1600.0, 1600.0, 1600.0]}, "pressure_salt": {"mean": [0.036466056309667795, 0.03446183742472226, 0.03429131599222765, 0.0355499552590648, 0.035213748406470985], "err": [0.0002415050849342141, 0.0002606721194371632, 0.00023011180660492954, 0.0002456119379779506, 0.00022230505102451058], "eff_sample_size": [256.4857389767735, 218.72375821536914, 290.1804363901657, 244.49797590188112, 291.46670525645766]}, "pressure_gel": {"mean": [0.01872376564210658, 0.021034897554121877, 0.020733863506362353, 0.019215567578039928, 0.019905265523955322], "err": [0.0010521731937699773, 0.0008968066278623511, 0.0010368323690760485, 0.0009909682691942618, 0.0011295658206315873], "eff_sample_size": [278.5310606553354, 332.3295461889741, 257.72902168658567, 300.2932034636963, 215.71565049834348]}, "alpha": 0.5, "v": 0.5, "system_volume": 16000, "n_pairs": 200, "electrostatic": false, "n_gel": 248, "anion_fixed": 124, "box_l": [19.999999999999996, 19.999999999999996], "volume": [8000.0, 8000.0], "no_interaction": false}