{"n_mobile_salt": {"mean": [161.516875, 163.7171875, 159.109375, 161.15, 162.1175], "err": [0.8573647619585875, 1.0984638787350427, 0.883478887618296, 0.8044893450656532, 1.3052299546478905], "eff_sample_size": [6400.0, 6400.0, 6400.0, 6400.0, 6400.0]}, "pressure_salt": {"mean": [0.03284614146740947, 0.038215753369379456, 0.03592168595850433, 0.03771815279608382, 0.03591321979177897], "err": [0.0002834465740020336, 0.00031972841381702223, 0.0003317361859585347, 0.00032239424954945656, 0.0002869893171764121], "eff_sample_size": [289.71640305213117, 271.4664585470527, 237.87278508222843, 253.23412072137762, 304.32520811045174]}, "pressure_gel": {"mean": [0.022034383290766308, 0.019947906090543418, 0.020411508798230837, 0.019991317899455824, 0.020720319553806037], "err": [0.0007312771474889736, 0.0007104496632073447, 0.0007856278336504497, 0.0006875568052170617, 0.0006775553385405825], "eff_sample_size": [286.9956834207678, 328.4885084552766, 258.1400568849887, 331.8018003201951, 318.3749756098678]}, "alpha": 0.5, "v": 0.7, "system_volume": 16000, "n_pairs": 200, "electrostatic": false, "n_gel": 248, "anion_fixed": 124, "box_l": [16.868653306034982, 22.37377884162793], "volume": [4800.000000000001, 11200.0], "no_interaction": true}