{"n_mobile_salt": {"mean": [182.7684375, 184.019375, 184.0296875, 182.43125, 180.10125], "err": [1.443348265157758, 1.1735221050493443, 1.1656889884931037, 1.2550665418106381, 0.7523968751145546], "eff_sample_size": [6400.0, 6400.0, 6400.0, 6400.0, 6400.0]}, "pressure_salt": {"mean": [0.03187371318423523, 0.03278711717407319, 0.02824840907625858, 0.03544874010035582, 0.0338619121784917], "err": [0.00021627320443227483, 0.0002481636273647087, 0.00022805381750329093, 0.00023707122536138965, 0.000273481860789982], "eff_sample_size": [281.1109528511759, 243.32523397299113, 239.2095535244571, 308.6938309874781, 195.6195371006687]}, "pressure_gel": {"mean": [0.057166377063193205, 0.05655604891875538, 0.059085720789050486, 0.05521500836728363, 0.05585198485013264], "err": [0.00022007692311339457, 0.0002325701540881979, 0.0002656356110661507, 0.00021470503449887117, 0.00023220085972428008], "eff_sample_size": [292.5037397207119, 267.38918267313284, 222.55057022496445, 284.1527403440709, 247.1377711349259]}, "alpha": 0.5, "v": 0.65, "system_volume": 16000, "n_pairs": 200, "electrostatic": false, "n_gel": 248, "anion_fixed": 124, "box_l": [17.75808003485201, 21.82785766122211], "volume": [5600.0, 10400.0], "no_interaction": false}