{
    "n_mobile_salt": {
        "mean": [
            245.288125,
            246.57875,
            248.745,
            247.370625,
            248.85625
        ],
        "err": [
            1.2520557951986468,
            1.146158874062647,
            1.0581137071881652,
            1.273823840169101,
            0.9520031063360654
        ],
        "eff_sample_size": [
            3200.0,
            3200.0,
            3200.0,
            3200.0,
            3200.0
        ]
    },
    "pressure_salt": {
        "mean": [
            0.027827081363089905,
            0.027009760172219757,
            0.029410295336114344,
            0.02887764670921054,
            0.02861150826924353
        ],
        "err": [
            0.00016106888212932217,
            0.00017175220107407523,
            0.00018045180451218605,
            0.00021262283066580953,
            0.00016714468790229324
        ],
        "eff_sample_size": [
            290.4861984372262,
            251.06912597338135,
            293.2638712196944,
            189.47592577297505,
            292.5658064042487
        ]
    },
    "pressure_gel": {
        "mean": [
            0.07339426538257089,
            0.0742128798032082,
            0.07150616146649733,
            0.07191278721789685,
            0.07211659238332652
        ],
        "err": [
            0.00029634779943858583,
            0.000324405396440465,
            0.00032474979603697596,
            0.0002978917492587024,
            0.00033909034394509973
        ],
        "eff_sample_size": [
            285.31141220102336,
            251.8963650281575,
            264.048017249334,
            284.7011735421223,
            211.96715645705322
        ]
    },
    "alpha": 0.5,
    "v": 0.45,
    "system_volume": 16000,
    "n_pairs": 200,
    "electrostatic": false,
    "n_gel": 248,
    "anion_fixed": 124,
    "box_l": [
        20.64560230912734,
        19.309787692112593
    ],
    "volume": [
        8800.0,
        7200.0
    ],
    "no_interaction": false
}