{"n_mobile_salt": {"mean": [323.015625, 322.694375, 321.215, 321.109375, 325.445], "err": [2.1617160610519677, 2.4381272505023417, 1.6735395124800905, 2.2900626673779803, 2.599369581874951], "eff_sample_size": [3200.0, 3200.0, 3200.0, 3200.0, 3200.0]}, "pressure_salt": {"mean": [0.019509213818034173, 0.022002479894003626, 0.020506729935618553, 0.018560810481576828, 0.020432000501198096], "err": [0.00010696089065150851, 0.00011454709409513614, 0.00012024248284296985, 0.00010605049739561596, 0.00010554011721087201], "eff_sample_size": [275.87508433870397, 258.56605804372646, 251.2073712071357, 267.0200215824466, 283.81763372634884]}, "pressure_gel": {"mean": [0.03793383663139909, 0.035345107777997126, 0.03688774892888897, 0.038800171576290635, 0.03681905954346186], "err": [0.00014219516831422713, 0.00015611800072265613, 0.00016139485935475685, 0.00014622163420140174, 0.00015530526303183064], "eff_sample_size": [305.62178171101687, 244.5353074339864, 245.48051837897296, 294.88981766268626, 240.65866383437364]}, "alpha": 1.0, "v": 0.5, "system_volume": 31250, "n_pairs": 200, "electrostatic": false, "n_gel": 248, "anion_fixed": 248, "box_l": [24.999999999999996, 24.999999999999996], "volume": [15625.0, 15625.0], "no_interaction": true}