{"n_mobile_salt": {"mean": [355.46125, 355.894375, 354.35625, 356.91375, 361.03125], "err": [1.8655296844693035, 1.9631176098152077, 2.829836122123013, 1.6565484284491296, 1.6485140111262109], "eff_sample_size": [3200.0, 3200.0, 3200.0, 3200.0, 3200.0]}, "pressure_salt": {"mean": [0.020632675996230334, 0.02128724003190813, 0.020526030361440885, 0.021785025616561624, 0.020666452948438982], "err": [0.00010089241959137805, 0.00010785059429194507, 0.00011718202722024444, 0.00011024959385938454, 9.902542590583832e-05], "eff_sample_size": [305.4362182697245, 258.9997309490236, 250.90250127200795, 274.0140104109545, 299.16663262231066]}, "pressure_gel": {"mean": [0.038588437967203244, 0.037710754456564945, 0.0387301015499538, 0.03713031749868359, 0.038323786181123566], "err": [0.00014708170241081272, 0.00016613399600298964, 0.0001758635881381064, 0.00015098340872181124, 0.00016280712320454783], "eff_sample_size": [312.74727943653306, 251.6319637051828, 247.97427900419964, 293.1554410470651, 252.63397015825444]}, "alpha": 1.0, "v": 0.45, "system_volume": 31250, "n_pairs": 200, "electrostatic": false, "n_gel": 248, "anion_fixed": 248, "box_l": [25.807002886409176, 24.13723461514074], "volume": [17187.5, 14062.5], "no_interaction": true}