{"n_mobile_salt": {"mean": [266.423125, 259.049375, 262.975, 263.16875, 267.671875], "err": [1.4971021139976828, 1.502361872319727, 1.8650850382050403, 1.7359788669348424, 2.252355220522614], "eff_sample_size": [3200.0, 3200.0, 3200.0, 3200.0, 3200.0]}, "pressure_salt": {"mean": [0.020504916732797588, 0.022923101053945266, 0.021367907521124743, 0.021297421671036907, 0.023434859240671922], "err": [0.00013586516049842105, 0.00015333749029777425, 0.0001408705278829301, 0.00013750345795578595, 0.00014195748390102766], "eff_sample_size": [266.48663805903266, 237.75976227648212, 295.37630800070616, 284.7471555065053, 292.76840200168385]}, "pressure_gel": {"mean": [-0.005837296032226943, -0.00741248303166133, -0.006388355126812099, -0.006511152298623912, -0.007838530626536272], "err": [0.00021421052052623168, 0.00021231400875193384, 0.00021344278728332414, 0.00021605986260930907, 0.0002236034152444129], "eff_sample_size": [324.217874083662, 322.4898788991775, 324.21089643776736, 317.66064811540804, 292.5459855124359]}, "alpha": 1.0, "v": 0.6, "system_volume": 31250, "n_pairs": 200, "electrostatic": false, "n_gel": 248, "anion_fixed": 248, "box_l": [23.20794416806389, 26.566464229565273], "volume": [12500.0, 18750.0], "no_interaction": false}