{"n_mobile_salt": {"mean": [165.5221875, 167.696875, 166.7803125, 166.5459375, 167.0571875], "err": [0.8692305151534226, 1.0960148832089052, 0.6724998709604298, 0.888580763652264, 0.8173162380973683], "eff_sample_size": [6400.0, 6400.0, 6400.0, 6400.0, 6400.0]}, "pressure_salt": {"mean": [0.021041732705814897, 0.0225149264651964, 0.02128833516334772, 0.0209734798328782, 0.020447477597559684], "err": [0.00016913546662984696, 0.0001635212433111566, 0.00017087571689038548, 0.00018341702900812588, 0.000159853735579465], "eff_sample_size": [287.1437240141264, 299.3719322293826, 279.92618394797717, 235.46610485035652, 288.3147352556869]}, "pressure_gel": {"mean": [-0.005635792630310897, -0.0073235934457318505, -0.005764288290872868, -0.005947513272507835, -0.004729282738727049], "err": [0.0014240600941659719, 0.0013578068703237335, 0.00145342128827735, 0.0015258472945029829, 0.001444762204051229], "eff_sample_size": [321.0731983138005, 333.3333333333333, 308.53663764947925, 300.6555695234934, 319.89992103678117]}, "alpha": 0.5, "v": 0.5, "system_volume": 16000, "n_mobile": 324, "electrostatic": false}