{"alpha": 0.04838709677419355, "v": 0.5, "system_volume": 16000, "n_mobile": 200, "n_mobile_salt": {"mean": [101.13875, 101.2225, 101.465, 100.19, 100.61], "err": [1.4052436285169205, 1.3563506834165764, 1.7087627773372727, 1.8796829779800686, 1.5105401995006762], "eff_sample_size": [82.44423928032326, 94.65812448389819, 75.95572543180057, 28.835064458653054, 85.96355031772228]}, "pressure_salt": {"mean": [0.012492145227318218, 0.012436385246010435, 0.013227169349050218, 0.012164430784100186, 0.013628663116302248], "err": [0.00012473144293903392, 0.00012553142389872123, 0.00013987258922847697, 0.00015681982454599208, 0.00013151227914618693], "eff_sample_size": [279.35811356984226, 259.08474832458995, 245.48177680452736, 178.20187350439153, 286.2800643065771]}, "pressure_gel": {"mean": [-0.06898996737769772, -0.06856616050975498, -0.06959026878619304, -0.0685016330648401, -0.07017470063442377], "err": [0.000727469546101347, 0.0008098477696272416, 0.0008797778014941618, 0.0008524519101611471, 0.0009052129759747579], "eff_sample_size": [393.3649924140173, 322.9391077705695, 266.96901952704405, 277.446256825603, 242.05268588980678]}}