{"alpha": 0.04838709677419355, "v": 0.75, "system_volume": 16000, "n_mobile": 200, "n_mobile_salt": {"mean": [49.215, 48.7175, 50.145, 48.4925, 51.905], "err": [1.729092747382479, 1.344717764104087, 1.9454490422314292, 1.521562036537224, 1.7193383220685743], "eff_sample_size": [31.607734767076405, 53.526606260079085, 40.77869769523382, 55.04563054783867, 67.08144563932636]}, "pressure_salt": {"mean": [0.010701548684963692, 0.011119272581357056, 0.010641954430283925, 0.011147509552808554, 0.015685246733679176], "err": [0.00015960003464952595, 0.0001702707363571783, 0.00016807413369940955, 0.00019431111220942607, 0.000205088049031989], "eff_sample_size": [303.0843225922715, 249.8581080352345, 284.04837565074257, 201.54561194896303, 275.92710886561724]}, "pressure_gel": {"mean": [-0.06369852580705258, -0.06393719185132322, -0.06364248728491284, -0.06398592200232196, -0.06573685073969696], "err": [0.0005537400451870777, 0.0005312909098599986, 0.0005414509233361687, 0.0005136465770881005, 0.0005074415690170148], "eff_sample_size": [292.4801677949156, 293.7477010329906, 291.4558215910397, 333.3333333333333, 331.8718568268721]}}