{"n_mobile_salt": {"mean": [114.434375, 116.165625, 115.5525, 114.19, 115.3290625], "err": [0.9313518901358522, 1.004622429288166, 0.6127238992090335, 1.001700945420345, 0.5694753574966999], "eff_sample_size": [3200.0, 3200.0, 6400.0, 3200.0, 6400.0]}, "pressure_salt": {"mean": [0.011439916041172359, 0.010751029776163911, 0.010753487521523981, 0.01099597399239169, 0.011821691964937568], "err": [0.00010871304649870203, 0.00011309150576209469, 0.00010502031689031517, 0.00011403528712441108, 0.00011064581843358038], "eff_sample_size": [302.9576231075721, 246.69056366782848, 282.5456850722259, 253.92753577385616, 292.0192607451745]}, "pressure_gel": {"mean": [-0.07027675146319484, -0.06938690783002896, -0.0691237754499708, -0.0705454374674318, -0.07074440033159675], "err": [0.0010267121342583993, 0.000989101505526849, 0.0010468891305474221, 0.0012786144953605208, 0.000983076771700898], "eff_sample_size": [322.4064101101901, 333.3333333333333, 312.1949674073244, 213.87931985594977, 333.3333333333333]}, "alpha": 0.04838709677419355, "v": 0.4, "system_volume": 16000, "n_mobile": 200, "electrostatic": false}