{"n_mobile_salt": {"mean": [133.991875, 135.5571875, 134.1328125, 133.4275, 135.2596875], "err": [0.8320682636475182, 0.5709726766743928, 0.8967439793475762, 0.7181441696463494, 0.7044327175318922], "eff_sample_size": [3200.0, 6400.0, 6400.0, 3200.0, 6400.0]}, "pressure_salt": {"mean": [0.012146364321191691, 0.011740839885198296, 0.012308738426140662, 0.012153797124951514, 0.013250733645192867], "err": [9.804277249743247e-05, 0.00010754227635045784, 0.00010509921585254218, 0.00011675621702835395, 0.00011509379047754127], "eff_sample_size": [308.21300945601627, 244.70277188248193, 279.3473509233725, 232.08168904343142, 264.08977833872643]}, "pressure_gel": {"mean": [-0.07267533239337572, -0.07175355996004801, -0.07264583815468642, -0.07300536203863557, -0.07618198928247716], "err": [0.0015578157631680742, 0.0014855764130046463, 0.0014558031403973696, 0.0016334671113929803, 0.0013623110931840266], "eff_sample_size": [271.9802884226124, 277.5569772538306, 308.83729379352246, 239.03388589996408, 324.2317950426143]}, "alpha": 0.04838709677419355, "v": 0.3, "system_volume": 16000, "n_mobile": 200, "electrostatic": false}