{"electrostatic": false, "n_mobile_salt": {"mean": [142.673125, 143.94, 143.24125, 143.62125, 143.701875], "err": [1.111682043440501, 0.9056232485186495, 0.6921860733764814, 1.002980052173511, 0.7369301246205158], "eff_sample_size": [3200.0, 3200.0, 3200.0, 3200.0, 3200.0]}, "pressure_salt": {"mean": [0.01344268859517192, 0.012661800173027923, 0.013443593772724022, 0.012174235453525568, 0.012286115959423903], "err": [0.00011216621793368443, 0.00011762724537385229, 0.00011310417156352919, 0.00012352959909655033, 0.00010265847190187994], "eff_sample_size": [283.1357116568475, 226.15923605502, 282.99602228330724, 211.33346986177762, 304.51414193538056]}, "pressure_gel": {"mean": [-0.07273898018686802, -0.07055869941320668, -0.07182056101480572, -0.0693099147557154, -0.06970569854035519], "err": [0.0014677397690645141, 0.0014418307981309245, 0.0013767861727053048, 0.0016076655848314097, 0.0014919621391496437], "eff_sample_size": [296.2145408221592, 309.8578880007955, 326.7097636089237, 265.66540025802044, 282.6268029021985]}, "alpha": 0.04838709677419355, "v": 0.3, "system_volume": 16000, "n_mobile": 200}