{"electrostatic": false, "alpha": 0.04838709677419355, "v": 0.25, "system_volume": 16000, "n_mobile": 200, "n_mobile_salt": {"mean": [163.73, 161.325, 161.03, 162.54, 162.7725], "err": [1.6272866536839572, 1.913443621828388, 1.679381836426466, 1.8125854373074681, 1.7983211573294366], "eff_sample_size": [55.12057977644445, 29.526876393361412, 30.891297000183137, 35.874439461883405, 29.806329991878552]}, "pressure_salt": {"mean": [0.01271816808309357, 0.014208834685453791, 0.013898784153698688, 0.01371245076994071, 0.013475202308679062], "err": [0.0001033295552164228, 0.00011608090981053015, 0.00011447817207185046, 0.00011507026442685205, 0.00012115044277834588], "eff_sample_size": [287.9102340555927, 259.9413350723336, 282.7786575434727, 247.8992809563257, 226.62344431203613]}, "pressure_gel": {"mean": [-0.07190445754976922, -0.0771549591831681, -0.07617927424286244, -0.0753269813291883, -0.07436837905217823], "err": [0.0009495716427030517, 0.0008274333899172231, 0.0008340974148170983, 0.0008382220848268832, 0.0008184601604018688], "eff_sample_size": [1055.2329264810505, 1278.4378600712546, 1259.0616163432285, 1249.32827248464, 1333.1378879620022]}}