{"n_mobile_salt": {"mean": [142.96375, 144.0309375, 144.5475, 142.48125, 143.9925], "err": [0.7998412440706939, 0.5806666221108367, 0.704015124801403, 0.812181164718808, 0.691074389730741], "eff_sample_size": [3200.0, 6400.0, 6400.0, 3200.0, 6400.0]}, "pressure_salt": {"mean": [0.01309738684115265, 0.012654359168734516, 0.013268299037622545, 0.013463294249620833, 0.013055343483293064], "err": [0.00010379403846089514, 0.00010522680725940156, 0.0001148581208259072, 0.00012738373796213415, 0.00011316220244448595], "eff_sample_size": [301.7173767283988, 280.3631083171758, 290.2542991369088, 222.3167293754757, 259.31200732671965]}, "pressure_gel": {"mean": [-0.05271926300447218, -0.05187940689969332, -0.05382114780241852, -0.054432484451435025, -0.053389638500789434], "err": [0.0019762074488101624, 0.0017411259198934195, 0.0019292410201698837, 0.0017389529982373122, 0.0017346351486853507], "eff_sample_size": [241.30611659818666, 277.9675852576074, 248.94368574241412, 299.3040031652636, 319.2707407029625]}, "alpha": 0.0967741935483871, "v": 0.3, "system_volume": 16000, "n_mobile": 200, "electrostatic": false}