{"n_mobile_salt": {"mean": [134.29875, 133.15375, 132.4678125, 133.48875, 133.00625], "err": [1.121349085572494, 0.9774085454282218, 0.6956582778385518, 1.059840462177405, 1.192812982842396], "eff_sample_size": [6400.0, 6400.0, 6400.0, 6400.0, 6400.0]}, "pressure_salt": {"mean": [0.021182626015490775, 0.018773835130412742, 0.020853914631552437, 0.021474324707391048, 0.02179542959671031], "err": [0.00018904665339920806, 0.00021806699240760777, 0.0001838076739437174, 0.0002012883472862172, 0.0001972603227397619], "eff_sample_size": [274.6840649408564, 182.79712255408427, 288.7283542865402, 248.7426025351538, 280.56515661412914]}, "pressure_gel": {"mean": [-0.004828935380137302, -0.0030157228062916513, -0.0046278528389045144, -0.004811744801581273, -0.005158228757221083], "err": [0.0013877229853453223, 0.001267336622130944, 0.001340647849547258, 0.001182402718970334, 0.0011736678826015706], "eff_sample_size": [236.86889066387096, 293.23490462229387, 267.4963666887273, 333.3333333333333, 333.3333333333333]}, "alpha": 0.5, "v": 0.6, "system_volume": 16000, "n_mobile": 324, "electrostatic": false}