{"n_mobile_salt": {"mean": [99.14125, 99.15875, 100.4825, 98.96375, 100.151875], "err": [1.5671183795545949, 2.1353239052787836, 1.1735565077761392, 1.5380222370109478, 1.0078159483176323], "eff_sample_size": [1600.0, 1600.0, 3200.0, 1600.0, 3200.0]}, "pressure_salt": {"mean": [0.02355105416023465, 0.023036536239652388, 0.021802548562417198, 0.01875145291678453, 0.020914230213050194], "err": [0.00023824206347180258, 0.0002666181642401392, 0.00023371055361755518, 0.00024041494314579648, 0.0002145944972838288], "eff_sample_size": [259.08925692116566, 200.50470144457708, 249.89004438982107, 202.69154247062863, 298.66582956316785]}, "pressure_gel": {"mean": [-0.013960182181510749, -0.013318631834120331, -0.012868851559651279, -0.012518112566659799, -0.011928057765158533], "err": [0.0009983875815814832, 0.0009569832570221375, 0.0010181705856298208, 0.0009964322805223538, 0.001024515004997866], "eff_sample_size": [317.3138329110678, 329.738275168443, 290.8117859704468, 321.49935615988653, 302.9742256254328]}, "alpha": 0.5, "v": 0.7, "system_volume": 16000, "n_mobile": 324, "electrostatic": false}