{"n_mobile_salt": {"mean": [102.5815625, 99.1909375, 100.7615625, 100.3375, 101.5328125], "err": [1.045964465199311, 0.7442941028591503, 0.5729129097788923, 0.8507747764195819, 1.0962729741641488], "eff_sample_size": [6400.0, 6400.0, 6400.0, 6400.0, 6400.0]}, "pressure_salt": {"mean": [0.022220749786385455, 0.021278469127455558, 0.023135898123084638, 0.022178734632394333, 0.02210500199617647], "err": [0.00024812610105372766, 0.00021619452364118037, 0.00023530947711162913, 0.0002266240935314319, 0.00024099283798441668], "eff_sample_size": [250.85283545652777, 286.2279487611502, 260.156686223048, 288.18519827302134, 246.6678756098555]}, "pressure_gel": {"mean": [-0.008823439774599278, -0.009083134752439246, -0.009696040963144189, -0.00992313868517887, -0.009739302598762684], "err": [0.0010008703149527827, 0.0011506002676851476, 0.0011758316643180476, 0.0010731377031308802, 0.0010246289919990216], "eff_sample_size": [305.0223394052252, 235.1735461076238, 233.10962420574316, 323.92690646356436, 333.3333333333333]}, "alpha": 0.5, "v": 0.7, "system_volume": 16000, "n_mobile": 324, "electrostatic": false}