{"alpha": 0.04838709677419355, "v": 0.25, "system_volume": 16000, "n_mobile": 200, "n_mobile_salt": {"mean": [155.09625, 160.7, 152.2275, 152.3575, 153.59875], "err": [1.3767763853627177, 1.4689292354424155, 1.7295883148580402, 1.8890411019150182, 1.5496315968660619], "eff_sample_size": [85.93106533237982, 12.31618692602843, 36.96512899643067, 36.780862465395174, 57.97044231250078]}, "pressure_salt": {"mean": [0.01340432145780234, 0.0131929917312489, 0.013376525927617247, 0.01218041772409644, 0.013295522474568241], "err": [0.00010696034523151722, 0.00010230691549412043, 0.00011171165262498269, 0.00010954830703587503, 0.0001076322778421913], "eff_sample_size": [271.26010928871295, 289.32712575791936, 273.51678482985034, 250.74257835574133, 269.048726696101]}, "pressure_gel": {"mean": [-0.07529568323506339, -0.07501002786208673, -0.07540434384750344, -0.07186616750339801, -0.07480334463020352], "err": [0.000870906093361931, 0.0008939257633541015, 0.000845588353356369, 0.0009045035040699649, 0.0008433509713367365], "eff_sample_size": [1245.9606891804938, 1167.628714315732, 1240.146178354769, 1158.9603925425565, 1300.238329873582]}}