{"electrostatic": false, "alpha": 0.04838709677419355, "v": 0.75, "system_volume": 16000, "n_mobile": 200, "n_mobile_salt": {"mean": [55.305, 54.8675, 54.855, 57.61, 55.905], "err": [1.5124748651108115, 1.6388510240730798, 1.5763116940172073, 1.8867739060074913, 1.6237869012206068], "eff_sample_size": [68.40534540803576, 58.65059494839162, 57.08244267955144, 52.275404518300746, 40.06003327024189]}, "pressure_salt": {"mean": [0.015827722747211864, 0.013134828291598198, 0.0173118570228717, 0.011657062432102112, 0.012643821980378635], "err": [0.0002033777434748712, 0.00020927010544855194, 0.0002074232305118905, 0.00016365889317863369, 0.0001859951100453248], "eff_sample_size": [277.0951079430722, 202.7465424087282, 300.9977856480885, 305.4722746559666, 252.56032164535253]}, "pressure_gel": {"mean": [-0.06460204406537871, -0.06341638404156912, -0.06484067932315364, -0.06325616171991959, -0.06350496777541668], "err": [0.0006347486899378177, 0.0005064232932728454, 0.0005635142678777579, 0.0005294174800993381, 0.0005816475970626499], "eff_sample_size": [227.31858170658683, 333.3333333333333, 269.8847189115588, 307.74169717354505, 254.15772317595597]}}