{"n_mobile_salt": {"mean": [76.60875, 77.416875, 77.68625, 77.3321875, 77.744375], "err": [0.984549260334112, 0.7406125727795122, 1.1579965626144142, 0.8055454906135616, 0.6663574498601234], "eff_sample_size": [3200.0, 3200.0, 3200.0, 6400.0, 6400.0]}, "pressure_salt": {"mean": [0.0123658162820942, 0.011988611749719748, 0.013668106556935853, 0.012109862546498939, 0.013581993933239436], "err": [0.00014358000916588501, 0.00015226332842006794, 0.0001763932233770552, 0.00014443684147907746, 0.00014214690793305318], "eff_sample_size": [271.7592148360628, 208.69637133453122, 208.37178927614264, 269.09518992659173, 296.9689057379331]}, "pressure_gel": {"mean": [-0.0676854024935721, -0.06750464736921785, -0.06831373931274351, -0.06761274635512916, -0.06835105799018348], "err": [0.0007252645846948699, 0.0007110912903358394, 0.0007159244984423917, 0.000713081439268299, 0.0007245950469688149], "eff_sample_size": [265.34261828341795, 272.11850260355084, 283.70562203669067, 276.13149038582577, 279.2308945866723]}, "alpha": 0.04838709677419355, "v": 0.6, "system_volume": 16000, "n_mobile": 200, "electrostatic": false}