{"alpha": 0.0, "v": 0.5, "system_volume": 16000, "n_mobile": 200, "n_mobile_salt": {"mean": [109.2175, 109.58875, 109.4575, 108.255, 107.79375], "err": [1.7314982551540943, 1.8013744807072083, 1.6090226509279568, 1.3272018693412795, 1.7273594816487752], "eff_sample_size": [45.660272313078565, 48.1833842181783, 67.1812306529608, 106.6065527984748, 61.87624095270826]}, "pressure_salt": {"mean": [0.01528380150615911, 0.013171695994259835, 0.0137338856704613, 0.014208044954443682, 0.013361280742374432], "err": [0.00014737802385972053, 0.00013768002267830655, 0.00015409525028624906, 0.00015494446022682243, 0.0001330280527569865], "eff_sample_size": [268.40140342498063, 245.6149145397534, 215.27418582295385, 209.857991800558, 291.0461765470876]}, "pressure_gel": {"mean": [-0.0691203531732739, -0.06638092477744682, -0.06711434541437135, -0.0678344894674539, -0.06732222333410923], "err": [0.0009072602911944578, 0.0008207739285953039, 0.0008378256844304212, 0.0009126450060758719, 0.0008643040378026184], "eff_sample_size": [273.1290674512787, 314.8173773178982, 307.80906858736256, 255.30772204578597, 292.23267806188244]}}