{"electrostatic": false, "n_mobile_salt": {"mean": [121.886875, 123.840625, 122.87125, 122.171875, 121.719375], "err": [1.0742326796014119, 1.0436468061827238, 1.1351673106883136, 1.064779056544777, 0.8959131722002067], "eff_sample_size": [3200.0, 3200.0, 3200.0, 3200.0, 3200.0]}, "pressure_salt": {"mean": [0.01463045193535017, 0.01441548039127861, 0.013166268039573183, 0.011612923952610085, 0.012223244578405368], "err": [0.00011848031381377724, 0.00012295506332290172, 0.00013243113363903128, 0.00013906417545465246, 0.00012212528840596686], "eff_sample_size": [304.9968388329426, 285.2708932191134, 237.86225771176686, 188.18580838236272, 243.28291616901913]}, "pressure_gel": {"mean": [-0.07249616771710836, -0.07125996107933584, -0.06980036352567268, -0.06762034873859782, -0.06872880698046809], "err": [0.0011956944345478694, 0.0011604363046573629, 0.0010672997821993201, 0.0010380807462487785, 0.0010813873986841545], "eff_sample_size": [247.29356751608643, 252.71564420167732, 324.8547899857168, 318.82123743613175, 293.0820860668395]}, "alpha": 0.04838709677419355, "v": 0.4, "system_volume": 16000, "n_mobile": 200}