{"alpha": 0.04838709677419355, "v": 0.75, "system_volume": 16000, "n_mobile": 200, "n_mobile_salt": {"mean": [50.4325, 50.3375, 49.9975, 54.075, 53.03875], "err": [1.3498127576361747, 1.5419761944121133, 1.5522467263533681, 1.9664526028983909, 1.5029415981307592], "eff_sample_size": [64.84310461271804, 58.95965675281352, 49.063165037236736, 40.11662495187738, 70.1413563160509]}, "pressure_salt": {"mean": [0.012733893232920283, 0.012144692802784789, 0.01679887354671484, 0.01167412838143318, 0.013136382308939354], "err": [0.00018287450598663714, 0.00017256391858465044, 0.00024613399563777903, 0.00017289737408835652, 0.00020100805513280741], "eff_sample_size": [268.2187324194342, 293.75337686700266, 219.433280569539, 281.3177358914214, 233.32607909518484]}, "pressure_gel": {"mean": [-0.06610209949171873, -0.0656723398292435, -0.06687655044296485, -0.06569493898416898, -0.0659436752533762], "err": [0.0005435541342052215, 0.000499726950523126, 0.0004917636870545648, 0.0005004247920654335, 0.0006357127949597364], "eff_sample_size": [285.46563300492784, 323.3111584037168, 319.36866563271155, 319.33689799776715, 214.42850083988964]}}