{"n_mobile_salt": {"mean": [58.021875, 56.30125, 57.458125, 58.5715625, 57.116875], "err": [1.2349049548152014, 0.6882523906505271, 0.5828221052066609, 0.6227654811413812, 1.266654327129948], "eff_sample_size": [3200.0, 3200.0, 3200.0, 6400.0, 3200.0]}, "pressure_salt": {"mean": [0.015668186817037095, 0.012669973922587466, 0.011432799574455622, 0.011735709444726173, 0.011765214920314097], "err": [0.00019113190497457383, 0.0001621052801979607, 0.0001471165877910105, 0.00015621783897049648, 0.00014942067091004756], "eff_sample_size": [268.85397093835934, 295.78153421646346, 298.03115247578694, 311.78733511221435, 300.87769951795116]}, "pressure_gel": {"mean": [-0.06858168228762684, -0.06690550192708129, -0.06588940342294057, -0.06679808003181562, -0.06647596534618162], "err": [0.0005721073942785, 0.0005693859928429446, 0.0006039694049152652, 0.0005782364895949131, 0.0005645487208404446], "eff_sample_size": [308.6951694966062, 310.0639999760238, 271.07430711063654, 293.34952237107973, 316.79243002247136]}, "alpha": 0.04838709677419355, "v": 0.7, "system_volume": 16000, "n_mobile": 200, "electrostatic": false}