{"electrostatic": false, "n_mobile_salt": {"mean": [60.25, 63.750625, 62.599375, 60.979375, 62.43625], "err": [1.0672972698656642, 0.6588925694583765, 0.9715586379036893, 0.9373877788414815, 0.9741827656201003], "eff_sample_size": [3200.0, 3200.0, 3200.0, 3200.0, 3200.0]}, "pressure_salt": {"mean": [0.010504324070555102, 0.01397019387536281, 0.012289236343618426, 0.011786964989863504, 0.01049218778571806], "err": [0.00014698848086629442, 0.0001749598254391826, 0.00017111216255210693, 0.00015323090343675842, 0.00014185384979182415], "eff_sample_size": [290.1997128196193, 276.8402365511638, 234.83747529474064, 312.6752849008249, 283.324142309751]}, "pressure_gel": {"mean": [-0.06482866616983257, -0.06623830452052923, -0.06541117187536757, -0.06541548302366984, -0.06453337311555259], "err": [0.0005501759944246992, 0.0005398652497056669, 0.0007412712984420979, 0.0005644844427822789, 0.0005914463537480975], "eff_sample_size": [314.6868630684422, 333.3333333333333, 178.6460986481235, 325.62957666381607, 293.7469951828594]}, "alpha": 0.04838709677419355, "v": 0.7, "system_volume": 16000, "n_mobile": 200}