{"electrostatic": false, "n_mobile_salt": {"mean": [81.29125, 81.155625, 80.365625, 81.9475, 81.960625], "err": [1.287497505378753, 0.9874650678424363, 1.1524496983576988, 0.8194309253476919, 1.000050863015797], "eff_sample_size": [3200.0, 3200.0, 3200.0, 3200.0, 3200.0]}, "pressure_salt": {"mean": [0.012404453680054646, 0.01230443401986855, 0.013671041864281301, 0.012698863285238136, 0.014272739339499213], "err": [0.00014867129250492568, 0.00013273676402472193, 0.00016717284595691917, 0.00014470615817843485, 0.00014579437147459778], "eff_sample_size": [256.0372108640429, 292.99099089759153, 226.70338399842194, 271.64853037535795, 292.4285070604482]}, "pressure_gel": {"mean": [-0.06574538224476104, -0.06549179815604907, -0.06618052441910709, -0.06619133743629792, -0.06698513547659743], "err": [0.0006688917290909878, 0.0006516013808057832, 0.0006896798269909618, 0.0006801040589258866, 0.000777571525991834], "eff_sample_size": [333.3333333333333, 333.3333333333333, 318.2600400096386, 307.8356351032954, 237.49633888755488]}, "alpha": 0.04838709677419355, "v": 0.6, "system_volume": 16000, "n_mobile": 200}