{"n_mobile_salt": {"mean": [98.499375, 96.761875, 98.22875, 95.52375, 96.683125], "err": [0.7826944307611908, 0.852535469953606, 0.877012925329933, 0.7363465693173757, 1.0899265638754232], "eff_sample_size": [3200.0, 3200.0, 6400.0, 3200.0, 3200.0]}, "pressure_salt": {"mean": [0.012455315565313815, 0.011887273228299178, 0.012407468998026066, 0.011397913381422816, 0.01425441077552997], "err": [0.00012309947420506757, 0.00012647517995824023, 0.00011928800452481999, 0.00011603574184387245, 0.0001378027116145217], "eff_sample_size": [299.631532366215, 251.48327673527373, 299.9672864241405, 282.5892409693585, 266.61272117947914]}, "pressure_gel": {"mean": [-0.07027381196963939, -0.06951112072068413, -0.07044147927323963, -0.06931545588443833, -0.072347354628811], "err": [0.0010403624465508655, 0.0008514292420099392, 0.0008237164409476087, 0.000814124487674666, 0.0007925905228687109], "eff_sample_size": [197.86553103136262, 274.48891857917, 307.67389959813875, 298.6670748423649, 298.5291354582326]}, "alpha": 0.04838709677419355, "v": 0.5, "system_volume": 16000, "n_mobile": 200, "electrostatic": false}