{"n_mobile_salt": {"mean": [160.885625, 161.314375, 161.47578125, 162.17140625, 162.51265625], "err": [0.38315700514570467, 0.6558940779096221, 0.5711968624595078, 0.7508577143721009, 0.4931016928275563], "eff_sample_size": [12800.0, 12800.0, 12800.0, 12800.0, 12800.0]}, "pressure_salt": {"mean": [0.016784639651408306, 0.01631972870567871, 0.0163985287891039, 0.01701231680841767, 0.017560438269743066], "err": [0.00013570028199095155, 0.0001375075604371213, 0.000144919425573956, 0.00014115474285907116, 0.00013530135996113845], "eff_sample_size": [275.6478111226807, 268.83169062435957, 234.88733900572942, 292.18420610507815, 279.926687295199]}, "pressure_gel": {"mean": [-0.02362004664927047, -0.022196723737176394, -0.02242157759116332, -0.023692101669944805, -0.02399989371787833], "err": [0.001674258971723666, 0.001573327737963539, 0.0016301052689823377, 0.0016512225822687878, 0.0016165447392236828], "eff_sample_size": [289.874368607633, 330.32254575977737, 312.8137826805956, 303.2531192123637, 305.1645249569132]}, "alpha": 0.25, "v": 0.4, "system_volume": 16000, "n_mobile": 262, "electrostatic": false}