{"alpha": 0.04838709677419355, "v": 0.5, "system_volume": 16000, "n_mobile": 200, "n_mobile_salt": {"mean": [103.299375, 102.3025, 104.77125, 101.0475, 101.185], "err": [1.5170644376279456, 1.7158973537876192, 1.5434052080453757, 1.5848289881435569, 1.996090462242628], "eff_sample_size": [91.11430956049831, 62.711103844091404, 78.2236186620507, 50.04394354546864, 36.34072209375036]}, "pressure_salt": {"mean": [0.013507253357624763, 0.010822059542525016, 0.013182750369515642, 0.013683895785029772, 0.012875402812889115], "err": [0.00013698734839728529, 0.00012989999192110588, 0.00013680683481476577, 0.00015531583450017008, 0.0001258035113745668], "eff_sample_size": [270.1788965325268, 217.68174291285837, 261.258319311509, 191.4115027063363, 290.99345303866465]}, "pressure_gel": {"mean": [-0.06996065708086481, -0.06708873763788269, -0.06907031893887537, -0.07008317901704328, -0.06922176477773781], "err": [0.0008250756675677636, 0.0008402805911258583, 0.000909310311925045, 0.0009035532364658145, 0.0008756056059167661], "eff_sample_size": [305.1073823298126, 315.6265312257976, 244.98480933066983, 250.91411240748448, 269.7456940986887]}}