{"n_mobile_salt": {"mean": [105.0725, 104.43875, 102.3153125, 101.11375, 102.5034375], "err": [0.9595393742731287, 0.9387374117661842, 1.0574945155749045, 1.1590435937171217, 0.5254041083032284], "eff_sample_size": [3200.0, 3200.0, 6400.0, 3200.0, 6400.0]}, "pressure_salt": {"mean": [0.01397222196907224, 0.014197365815264975, 0.011419591979784555, 0.012703985214682412, 0.01297607073674081], "err": [0.00013535454764406515, 0.00014604326659711545, 0.00011329762057444273, 0.0001469581746377542, 0.00013600500184750053], "eff_sample_size": [280.70806966786444, 227.8279867646185, 308.8887086041413, 215.53653572449363, 242.77535653173433]}, "pressure_gel": {"mean": [-0.0621770689663158, -0.06153207480188754, -0.05947219754113153, -0.06061274496204554, -0.060735193581009934], "err": [0.0008660717653133306, 0.0009575313142250713, 0.000940209396522435, 0.0009526472054303246, 0.00099654195361792], "eff_sample_size": [332.7494078943629, 291.76572349900664, 321.2038094527821, 305.99314873939187, 252.31768218496117]}, "alpha": 0.0967741935483871, "v": 0.5, "system_volume": 16000, "n_mobile": 200, "electrostatic": false}