{"electrostatic": false, "alpha": 0.04838709677419355, "v": 0.5, "system_volume": 16000, "n_mobile": 200, "n_mobile_salt": {"mean": [102.60125, 100.8875], "err": [2.212124953783566, 1.7837808861755935], "eff_sample_size": [1600.0, 63.85697274296218]}, "pressure_salt": {"mean": [0.013293941271116456, 0.013705475735990963], "err": [0.0001431454760365728, 0.0001328489519428229], "eff_sample_size": [264.82303046123894, 275.97981741753506]}, "pressure_gel": {"mean": [-0.06870218000996195, -0.06915405216788491], "err": [0.0009799355055764344, 0.0008404257784214068], "eff_sample_size": [208.73582082254873, 309.0488144540939]}}