{"n_mobile_salt": {"mean": [156.08875, 155.874375, 157.785625, 158.23, 158.8825], "err": [1.44901185818765, 1.359610166327211, 1.0786227819189929, 0.9908951678375637, 0.8926396815054332], "eff_sample_size": [3200.0, 3200.0, 3200.0, 3200.0, 3200.0]}, "pressure_salt": {"mean": [0.016696100796312868, 0.014168238637393254, 0.016311682052125378, 0.016732614772375316, 0.01663037605819589], "err": [0.00012007894925687968, 0.00011759908990408805, 0.0001293942111968162, 0.00014124760817800904, 0.00012399792852862144], "eff_sample_size": [289.1720112097975, 264.78531216244903, 271.3445582201545, 226.6016643695425, 292.6796223748732]}, "pressure_gel": {"mean": [0.025705621611511367, 0.029350936593330042, 0.026336357206795714, 0.025640922195495613, 0.02555035107229324], "err": [0.00021219032194219137, 0.00019866234593752768, 0.00021321359392831887, 0.0001889885097589326, 0.00023264568279045297], "eff_sample_size": [234.7323019520197, 294.5606690106561, 262.5473300316737, 265.91084491104795, 198.9398084752764]}, "alpha": 0.25, "v": 0.4, "system_volume": 16000, "n_mobile": 262, "electrostatic": false, "no_gel": true, "no_LJ": true}