{"n_mobile_salt": {"mean": [105.485625, 105.075, 105.4975, 103.671875, 106.310625], "err": [0.9647129437413019, 1.3844089031545619, 1.5032852408194173, 1.741318809317701, 1.3100565214987943], "eff_sample_size": [3200.0, 3200.0, 3200.0, 3200.0, 3200.0]}, "pressure_salt": {"mean": [0.0175203586522952, 0.01623193488048293, 0.016947034998469942, 0.01719894003393239, 0.01654518665138778], "err": [0.00015611559811819784, 0.00015882414153088514, 0.00015832031815482265, 0.00016079041701111605, 0.00017753369117863666], "eff_sample_size": [258.54014166486064, 269.74786907266025, 258.6244785750224, 284.5224808959994, 193.9467961539987]}, "pressure_gel": {"mean": [0.022164320491983497, 0.022888705044002925, 0.022551600849982676, 0.022319240222878158, 0.022636636213577567], "err": [0.0001555114647727895, 0.0001387685005433021, 0.0001669575833915789, 0.0001729040098621527, 0.00015659209197521498], "eff_sample_size": [246.2007461104263, 300.89650813999015, 244.23587849844418, 198.51592481667572, 254.78277453302292]}, "alpha": 0.25, "v": 0.6, "system_volume": 16000, "n_mobile": 262, "electrostatic": false, "no_gel": true, "no_LJ": true}