{"n_mobile_salt": {"mean": [130.909375, 131.976875, 131.7525, 131.270625, 131.004375], "err": [1.2546430818225587, 1.6075481170139712, 1.4247282228577771, 1.034244989853685, 1.1705744362650916], "eff_sample_size": [3200.0, 3200.0, 3200.0, 3200.0, 3200.0]}, "pressure_salt": {"mean": [0.019027283852733928, 0.016717380448885395, 0.01579441548063688, 0.016319102699423046, 0.017278378843086598], "err": [0.0001463278163666553, 0.00013711786942508422, 0.00014849547418595686, 0.00015242299715553142, 0.00014109255929513294], "eff_sample_size": [265.5097937494732, 269.66728708650186, 237.55327075925422, 215.16453190815966, 275.79739649913756]}, "pressure_gel": {"mean": [0.021551313556397257, 0.023720091565062093, 0.024802893887648204, 0.024254738335335233, 0.023161052821529172], "err": [0.00016935954468839376, 0.00015839412386366543, 0.00018899172761331157, 0.00016266948233904365, 0.00019324265673557238], "eff_sample_size": [241.03406140458662, 300.03125971033637, 250.71999122054874, 280.21292786289933, 202.91875854881846]}, "alpha": 0.25, "v": 0.5, "system_volume": 16000, "n_mobile": 262, "electrostatic": false, "no_gel": true, "no_LJ": true}